"Open Houses","Photo","MLS","AR","Type","S","Address","City","BR","Baths(FTHQ)","SqFt","LP $/SqFt","LP","SP","HOD","Lot Sz","YB","DOM"
"","17","18-304274","12","C/C","S","4351   REDWOOD AVE #6","MARINA DEL REY","2","2.00 (2 0 0 0)","1,057","$708.61","$749,000","$700,000","$527.00","552,170","1974","12"
"","12","21-100485","12","C/C","S","13700   Marina Pointe Dr #1421","MARINA DEL REY","1","1.00 (1 0 0 0)","859","$977.88","$840,000","$840,000","$912.00","124,611","2003","17"
"","17","21-100737","12","C/C","S","14   Reef St #3","Marina Del Rey","1","2.00 (2 0 0 0)","931","$1,251.34","$1,165,000","$1,155,000","$300.00","3,031","1971","10"
"","36","21-101141","12","C/C","S","4748   LA VILLA MARINA  #K","MARINA DEL REY","3","3.00 (1 1 1 0)","1,932","$615.42","$1,189,000","$1,200,000","$445.00","","1967","36"
"","32","21-101685","12","C/C","S","13600   Marina Pointe Dr #1105","Marina Del Rey","2","3.00 (2 0 1 0)","1,900","$815.79","$1,550,000","$1,550,000","$1,738.94","122,880","1999","13"
"","39","21-101767","12","C/C","S","4050   Glencoe Ave #404","Marina Del Rey","2","2.00 (2 0 0 0)","1,390","$790.65","$1,099,000","$1,098,000","$522.66","59,223","2007","17"
"","1","21-101875","12","C/C","S","4733   La Villa Marina  #F","Marina Del Rey","3","3.00 (3 0 0 0)","1,932","$594.72","$1,149,000","$1,210,000","$449.00","73,858","1966","15"
"","20","21-103097","12","C/C","S","4060   Glencoe Ave #224","Marina Del Rey","1","1.00 (1 0 0 0)","708","$923.73","$654,000","$660,000","$399.11","59,461","2004","13"
"","20","21-103169","12","C/C","S","13035   Mindanao Way #4","Marina Del Rey","2","3.00 (2 0 1 0)","1,575","$739.68","$1,165,000","$1,180,000","$615.00","390,060","1975","35"
"","1","21-103789","12","C/C","S","13700   Marina Pointe Dr #1622","MARINA DEL REY","1","1.00 (1 0 0 0)","859","$988.36","$849,000","$845,000","$989.34","124,662","2003","28"
"","1","21-104931","12","C/C","S","310   Tahiti Way #312","Marina Del Rey","2","2.00 (2 0 0 0)","1,428","$899.86","$1,285,000","$1,285,000","$758.00","194,604","1979","19"
"","48","21-104935","12","C/C","S","13650   Marina Pointe Dr #905","Marina Del Rey","2","2.00 (2 0 0 0)","1,714","$831.39","$1,425,000","$1,350,000","$1,695.00","31,647","2006","8"
"","25","21-105139","12","C/C","S","4140   Glencoe Ave #503","Marina Del Rey","1","1.00 (1 0 0 0)","710","$1,091.55","$775,000","$755,000","$523.38","39,473","2016","7"
"","16","21-105309","12","C/C","S","445   Washington Blvd #12","Marina Del Rey","1","1.00 (1 0 0 0)","592","$1,033.78","$612,000","$615,000","$409.00","12,504","1978","144"
"","27","21-105461","12","C/C","S","13700   Marina Pointe Dr #1510","Venice","1","2.00 (2 0 0 0)","928","$882.54","$819,000","$828,750","$1,018.99","124,662","2003","7"
"","31","21-105482","12","C/C","S","1   Spinnaker St #11","Marina Del Rey","2","3.00 (3 0 0 0)","1,965","$1,475.06","$2,898,500","$2,760,000","$1,035.00","18,535","1974","18"
"","14","21-105885","12","C/C","S","13700   Marina Pointe Dr #626","Marina Del Rey","1","1.00 (1 0 0 0)","749","$878.50","$658,000","$645,000","$998.61","124,662","2003","180"
"","19","21-106051","12","C/C","S","4215   Glencoe Ave #407","Marina Del Rey","1","2.00 (1 1 0 0)","950","$946.32","$899,000","$920,000","$473.64","79,615","2008","19"
"","27","21-107075","12","C/C","S","11930   Avon Way #107","MARINA DEL REY","2","2.00 (2 0 0 0)","965","$699.48","$675,000","$685,000","$360.00","14,836","1986","19"
"","43","21-108053","12","C/C","S","310   Washington Blvd #207","Marina Del Rey","3","3.00 (3 0 0 0)","2,080","$792.31","$1,648,000","$1,640,000","$539.40","16,295","2012","4"
"","36","21-108239","12","C/C","S","4333   Redwood Ave #9","MARINA DEL REY","2","3.00 (2 0 1 0)","1,547","$808.02","$1,250,000","$1,340,000","$527.00","552,048","1974","74"
"","38","21-109041","12","C/C","S","4140   Glencoe Ave #603","Marina Del Rey","1","1.00 (1 0 0 0)","820","$1,109.76","$910,000","$900,000","$523.00","39,473","2016","28"
"","1","21-109525","12","C/C","S","13082   Mindanao Way #55","Marina Del Rey","3","2.00 (2 0 0 0)","1,839","$796.63","$1,465,000","$1,600,000","$990.00","538,756","1980","8"
"","31","21-109695","12","C/C","S","4421   Alla Rd #9","MARINA DEL REY","2","3.00 (1 1 1 0)","1,912","$705.54","$1,349,000","$1,325,000","$658.00","157,916","1976","58"
"","25","21-110281","12","C/C","S","11801   Avon Way #4","Los Angeles","2","3.00 (2 0 1 0)","1,500","$566","$849,000","$849,000","$470.00","6,702","2006","21"
"","26","21-110473","12","C/C","S","13210   FIJI WAY #M","MARINA DEL REY","2","3.00 (1 1 1 0)","1,582","$607.30","$960,750","$967,500","$565.00","139,313","1969","15"
"","39","21-110697","12","C/C","S","13234   FIJI WAY #G","MARINA DEL REY","2","3.00 (2 0 0 1)","1,932","$621.12","$1,199,999","$1,340,000","$460.00","64,223","1969","32"
"","1","21-111829","12","C/C","S","13080   Mindanao WAY #94","MARINA DEL REY","3","3.00 (3 0 0 0)","2,136","$720.51","$1,539,000","$1,683,000","$990.00","538,756","1980","9"
"","1","21-112079","12","C/C","S","4742   LA VILLA MARINA  #H","MARINA DEL REY","3","3.00 (2 0 1 0)","1,932","$685.82","$1,325,000","$1,325,000","$390.00","66,564","1966","0"
"","1","21-112088","12","C/C","S","4752   LA VILLA MARINA  #F","MARINA DEL REY","3","3.00 (2 0 1 0)","1,932","$646.48","$1,249,000","$1,315,000","$450.00","66,563","1967","13"
"","43","21-112757","12","C/C","S","4265   Marina City Drive #817","MARINA DEL REY","3","2.00 (1 1 0 0)","1,722","$531.36","$915,000","$850,000","$1,304.63","","1972","4"
"","41","21-112833","12","C/C","S","13700   MARINA POINTE DR #1625","VENICE","2","3.00 (2 0 1 0)","1,431","$925.93","$1,325,000","$1,280,000","$1,041.00","124,670","2003","13"
"","1","21-113233","12","C/C","S","13322   Maxella AVE #4","MARINA DEL REY","2","3.00 (2 0 1 0)","1,544","$841.32","$1,299,000","$1,380,000","$527.00","552,048","1974","9"
"","1","21-113469","12","C/C","S","13600   MARINA POINTE DR #1007","MARINA DEL REY","2","3.00 (2 0 1 0)","1,850","$862.16","$1,595,000","$1,630,000","$1,834.38","122,880","1999","12"
"","29","21-113603","12","C/C","S","4267   Marina City DR #302","MARINA DEL REY","2","2.00 (2 0 0 0)","1,420","$562.68","$799,000","$750,000","$1,154.35","","1970","139"
"","34","21-114185","12","C/C","S","4316   MARINA CITY DR #627C","MARINA DEL REY","2","2.00 (2 0 0 0)","1,422","$442.33","$629,000","$595,000","$1,100.00","","","92"
"","50","21-686516","12","C/C","S","4314   Marina City  #1130","MARINA DEL REY","3","2.00 (1 1 0 0)","1,870","$508.02","$950,000","$925,000","$1,304.63","1,870","","315"
"","43","21-717868","12","C/C","S","310   Tahiti Way #212","Marina Del Rey","2","2.00 (2 0 0 0)","1,428","$734.59","$1,049,000","$1,026,000","$758.00","194,604","1979","40"
"","1","21-745240","12","C/C","S","13229   Fiji Way #K","Marina Del Rey","3","3.00 (2 0 1 0)","1,582","$631.48","$999,000","$975,000","$400.00","87,554","1968","10"
"","33","21-757294","12","C/C","S","13326   Beach Ave #103","Marina Del Rey","2","2.00 (1 1 0 0)","1,250","$796","$995,000","$945,000","$435.47","13,280","2007","32"
"","32","21-760188","12","C/C","S","4335   Marina City DR #140 ETS","MARINA DEL REY","2","2.00 (1 1 0 0)","1,422","$477.50","$679,000","$635,000","$1,078.29","","1972","107"
"","30","21-769682","12","C/C","S","4316   Marina City Drive #533","MARINA DEL REY","3","2.00 (2 0 0 0)","1,800","$443.33","$798,000","$780,000","$1,304.63","","1972","192"
"","1","21-770480","12","C/C","S","4337   Marina City DR #1043","MARINA DEL REY","1","1.00 (1 0 0 0)","935","$550.80","$515,000","$495,000","$559.89","","1972","350"
"","47","21-771248","12","C/C","S","4265   Marina City DR #101 WTN","MARINA DEL REY","3","4.00 (1 2 1 0)","1,722","$359.47","$619,000","$614,000","$1,396.65","","1972","172"
"","31","21-773668","12","C/C","S","4316   Marina City  #921","MARINA DEL REY","1","1.00 (1 0 0 0)","","$0","$575,000","$570,000","$709.10","1,050","","65"
"","29","21-780964","12","C/C","S","4337   Marina City DR #945","MARINA DEL REY","1","1.00 (1 0 0 0)","935","$502.67","$470,000","$490,000","$1,263.00","","1972","44"
"","47","21-781108","12","C/C","S","4316   Marina City Dr #629","MARINA DEL REY","2","2.00 (1 1 0 0)","1,422","$488.75","$695,000","$671,550","$1,078.29","","1972","42"
"","28","21-785852","12","C/C","S","4758   La Villa Marina  #J","Marina Del Rey","2","3.00 (2 0 0 1)","1,582","$694.69","$1,099,000","$1,090,000","$400.00","66,563","1967","30"
"","32","21-786402","12","C/C","S","4050   Glencoe Ave #223","Marina Del Rey","1","2.00 (1 0 1 0)","890","$785.39","$699,000","$726,000","$462.36","59,223","2007","12"
"","38","21-786674","12","C/C","S","13600   Marina Pointe Dr #605","Marina Del Rey","2","3.00 (3 0 0 0)","1,830","$655.74","$1,199,999","$1,050,000","$1,739.72","122,880","1999","91"
"","1","21-787822","12","C/C","S","311   Bora Bora Way #215","MARINA DEL REY","2","2.00 (1 1 0 0)","1,386","$720.78","$999,000","$985,000","$758.00","194,604","1979","30"
"","52","21-788046","12","C/C","S","4335   Marina City DR #1134","MARINA DEL REY","1","1.00 (1 0 0 0)","1,050","$661.90","$695,000","$675,000","$709.10","1,050","1971","40"
"","1","21-788600","12","C/C","S","13700   Marina Pointe Dr #1614","Marina Del Rey","1","1.00 (1 0 0 0)","946","$946.09","$895,000","$895,000","$1,008.03","124,662","2003","13"
"","24","21-788642","12","C/C","S","4337   Marina City Drive #141","MARINA DEL REY","2","2.00 (2 0 0 0)","1,422","$488.75","$695,000","$675,000","$1,020.12","","1972","224"
"","35","21-788982","12","C/C","S","4319   Redwood Ave #3","Marina Del Rey","2","2.00 (2 0 0 0)","1,398","$643.06","$899,000","$945,000","$590.00","552,048","1974","15"
"","1","21-790584","12","C/C","S","13322   Maxella Ave #3","MARINA DEL REY","2","2.00 (2 0 0 0)","1,398","$786.12","$1,099,000","$1,085,000","$527.00","552,048","1974","38"
"","1","21-791416","12","C/C","S","13700   Marina Pointe Dr #916","Marina Del Rey","2","2.00 (2 0 0 0)","1,227","$1,009.78","$1,239,000","$1,215,000","$1,068.40","124,662","2003","96"
"","26","21-791668","12","C/C","S","13078   Mindanao Way #115","Marina Del Rey","2","2.00 (2 0 0 0)","1,929","$562.47","$1,085,000","$1,035,000","$990.00","538,756","1980","25"
"","32","21-792642","12","C/C","S","13600   Marina Pointe Dr #1008","MARINA DEL REY","2","3.00 (2 0 1 0)","1,860","$833.33","$1,550,000","$1,488,000","$1,837.07","122,880","1999","0"
"","33","21-793012","12","C/C","S","13700   Marina Pointe Dr #1208","Marina Del Rey","2","3.00 (2 0 0 1)","1,748","$685.93","$1,199,000","$1,200,000","$1,180.00","124,662","2003","27"
"","19","21-795364","12","C/C","S","5000  S Centinela Ave #344","Los Angeles","1","1.00 (1 0 0 0)","778","$629.82","$490,000","$500,000","$373.73","142,789","1970","9"
"","52","21-796242","12","C/C","S","13700   Marina Pointe Dr #1223","Marina Del Rey","2","2.00 (2 0 0 0)","1,724","$898.49","$1,549,000","$1,525,000","$1,170.00","124,662","2003","7"
"","1","21-796352","12","C/C","S","13206   Fiji WAY #Unit C","MARINA DEL REY","2","3.00 (2 0 1 0)","1,582","$656.76","$1,039,000","$1,035,000","$565.00","139,313","1969","9"
"","1","21-797280","12","C/C","S","4631   Alla Rd #2","Marina Del Rey","3","3.00 (2 0 1 0)","1,646","$726.00","$1,195,000","$1,175,000","$658.00","196,085","1977","35"
"","24","21-797776","12","C/C","S","310   Washington Blvd #203","Marina Del Rey","3","3.00 (3 0 0 0)","1,960","$827.04","$1,621,000","$1,580,000","$621.00","16,295","2012","50"
"","54","21-798028","12","C/C","S","4718   La Villa Marina  #C","MARINA DEL REY","2","3.00 (1 1 1 0)","1,582","$757.90","$1,199,000","$1,199,000","$520.00","67,896","1966","14"
"","35","21-798310","12","C/C","S","310   Washington Blvd #405","Marina Del Rey","3","3.00 (3 0 0 0)","1,960","$816.33","$1,600,000","$1,580,000","$621.00","8,720","2012","4"
"","18","21-799284","12","C/C","S","11801   Avon Way #6","Los Angeles","2","3.00 (3 0 0 0)","1,500","$566.67","$850,000","$905,000","$470.00","6,702","2006","16"
"","18","21-799302","12","C/C","S","4080   Glencoe Ave #320","Marina Del Rey","2","2.00 (2 0 0 0)","1,340","$869.40","$1,165,000","$1,165,000","$575.00","11,321","2011","43"
"","15","21-799444","12","C/C","S","4115   Glencoe Ave #107","Marina Del Rey","2","2.00 (2 0 0 0)","1,780","$606.18","$1,079,000","$1,030,000","$600.00","39,560","2006","34"
"","17","21-799490","12","C/C","S","13221   Admiral Ave #A","Marina Del Rey","2","3.00 (2 0 1 0)","1,672","$591.51","$989,000","$1,054,000","$440.00","85,236","1966","6"
"","20","21-799560","12","C/C","S","3812   Pacific Ave #3","Marina Del Rey","3","3.00 (3 0 0 0)","1,120","$1,227.68","$1,375,000","$1,335,000","$200.00","3,035","1966","23"
"","44","21-799758","12","C/C","S","4316   Marina City DR #725","MARINA DEL REY","1","1.00 (1 0 0 0)","935","$657.75","$615,000","$630,000","$759.11","","1972","118"
"","17","210032682SD","12","C/C","S","4337   Marina City Drive #PH42ETN","Marina del Rey","3","3.00 (2 0 1 0)","2,652","$571.27","$1,515,000","$1,200,000","$3,598.96","","1978","76"
"","29","219093412DA","12","C/C","S","4707   La Villa Marina  #J","Marina Del Rey","3","3.00 (2 0 1 0)","1,932","$744.82","$1,439,000","$1,505,000","$405.00","65,854","1966","11"
"","47","22-114873","12","C/C","S","4622   GLENCOE AVE #1","MARINA DEL REY","2","3.00 (2 0 1 0)","1,646","$685.91","$1,129,000","$1,265,000","$658.00","159,265","1978","7"
"","52","22-114947","12","C/C","S","13700   Marina Pointe Dr #729","Marina Del Rey","3","4.00 (3 0 1 0)","2,099","$1,038.59","$2,180,000","$2,050,000","$1,254.00","124,662","2003","37"
"","1","22-115235","12","C/C","S","4707   La Villa Marina  #F","MARINA DEL REY","3","3.00 (2 0 1 0)","1,932","$698.24","$1,349,000","$1,360,000","$440.00","65,854","1966","13"
"","18","22-115261","12","C/C","S","306   Bora Bora Way #102","MARINA DEL REY","2","2.00 (2 0 0 0)","1,497","$692.05","$1,036,000","$1,036,000","$675.00","100,437","1978","12"
"","1","22-115269","12","C/C","S","13700   MARINA POINTE DR #815","MARINA DEL REY","1","1.00 (1 0 0 0)","835","$920.96","$769,000","$769,000","$1,005.84","124,670","2003","20"
"","1","22-115515","12","C/C","S","4350   VIA DOLCE  #110","MARINA DEL REY","2","2.00 (2 0 0 0)","1,546","$646.18","$999,000","$1,125,000","$780.00","191,275","1974","12"
"","26","22-116159","12","C/C","S","4215   GLENCOE AVE #219","MARINA DEL REY","1","1.00 (1 0 0 0)","1,200","$687.50","$825,000","$860,000","$500.69","79,707","2008","8"
"","17","22-116265","12","C/C","S","20   KETCH ST #1","MARINA DEL REY","4","3.00 (3 0 0 0)","1,870","$1,334.22","$2,495,000","$2,495,000","$375.00","3,485","1979","8"
"","54","22-116275","12","C/C","S","13650   MARINA POINTE DR #906","MARINA DEL REY","2","2.00 (2 0 0 0)","1,533","$651.66","$999,000","$1,051,000","$1,626.30","31,650","2006","16"
"","33","22-116287","12","C/C","S","4350   GLENCOE AVE #2","MARINA DEL REY","2","3.00 (1 1 1 0)","1,544","$761.01","$1,175,000","$1,285,000","$540.00","552,048","1974","13"
"","49","22-116383","12","C/C","S","13700   MARINA POINTE DR #603","MARINA DEL REY","2","3.00 (2 0 1 0)","1,481","$910.87","$1,349,000","$1,347,000","$1,144.89","124,670","2003","32"
"","43","22-116393","12","C/C","S","13600   MARINA POINTE DR #815","MARINA DEL REY","2","3.00 (3 0 0 0)","2,295","$822.66","$1,888,000","$1,845,000","$1,832.00","122,880","1999","19"
"","33","22-116397","12","C/C","S","4926   MCCONNELL AVE ","LOS ANGELES","4","3.00 (1 1 1 0)","1,844","$677.33","$1,249,000","$1,250,000","$530.00","94,892","1972","41"
"","21","22-117329","12","C/C","S","4215   GLENCOE AVE #202","MARINA DEL REY","2","2.00 (2 0 0 0)","1,170","$759.83","$889,000","$920,000","$498.62","79,615","2008","12"
"","1","22-117461","12","C/C","S","4200   VIA DOLCE  #332","MARINA DEL REY","2","2.00 (2 0 0 0)","1,419","$909.09","$1,290,000","$1,249,000","$780.00","191,275","1974","10"
"","2","22-117499","12","C/C","S","13233   FIJI WAY #F","VENICE","2","3.00 (2 0 1 0)","1,932","$582.30","$1,125,000","$1,210,000","$415.00","66,621","1970","5"
"","16","22-117743","12","C/C","S","4215   GLENCOE AVE #214","MARINA DEL REY","2","2.00 (2 0 0 0)","1,260","$712.70","$898,000","$960,000","$508.75","79,615","2008","10"
"","13","22-117751","12","C/C","S","4316   Marina City Dr #129 CTN","MARINA DEL REY","2","2.00 (2 0 0 0)","1,550","$360.65","$559,000","$539,250","$683.99","","","90"
"","15","22-118101","12","C/C","S","4151   REDWOOD AVE #304","LOS ANGELES","3","4.00 (1 2 1 0)","1,500","$916.33","$1,374,500","$1,490,000","$438.00","9,929","2007","12"
"","1","22-118191","12","C/C","S","310   WASHINGTON BLVD #404","MARINA DEL REY","3","3.00 (3 0 0 0)","1,960","$815.82","$1,599,000","$1,615,000","$564.01","8,806","2012","8"
"","31","22-118799","12","C/C","S","4730   La Villa Marina  #16","Marina Del Rey","2","3.00 (2 0 1 0)","1,456","$720.47","$1,049,000","$1,130,000","$475.00","66,564","1966","10"
"","19","22-119015","12","C/C","S","4600   VIA DOLCE  #2302","VENICE","2","2.00 (2 0 0 0)","1,480","$742.57","$1,099,000","$1,050,000","$758.00","194,601","1979","52"
"","30","22-119075","12","C/C","S","13700   MARINA POINTE DR #1016","MARINA DEL REY","2","2.00 (2 0 0 0)","1,227","$1,058.68","$1,299,000","$1,299,000","$1,090.22","124,670","2003","32"
"","31","22-119369","12","C/C","S","13600   MARINA POINTE DR #808","MARINA DEL REY","2","3.00 (2 0 1 0)","1,860","$730.65","$1,359,000","$1,305,000","$1,837.07","122,880","1999","33"
"","31","22-119669","12","C/C","S","4737   LA VILLA MARINA  #D","MARINA DEL REY","2","3.00 (2 0 1 0)","1,582","$742.73","$1,175,000","$1,261,500","$440.00","85,236","1966","8"
"","1","22-120821","12","C/C","S","13700   MARINA POINTE DR #821","MARINA DEL REY","1","1.00 (1 0 0 0)","859","$895.23","$769,000","$764,000","$1,011.00","124,670","2003","102"
"","1","22-121303","12","C/C","S","3111   VIA DOLCE  #219","MARINA DEL REY","2","2.00 (2 0 0 0)","1,280","$917.97","$1,175,000","$1,200,000","$958.61","27,336","2010","22"
"","32","22-121721","12","C/C","S","306   Bora Bora Way #103","Marina Del Rey","2","2.00 (2 0 0 0)","1,452","$792.01","$1,150,000","$1,175,000","$675.00","100,437","1978","5"
"","14","22-121869","12","C/C","S","13107   MINDANAO WAY #3","MARINA DEL REY","3","3.00 (2 0 1 0)","1,585","$694.01","$1,100,000","$1,105,000","$540.00","552,048","1974","11"
"","1","22-122067","12","C/C","S","13600   MARINA POINTE DR #1708","MARINA DEL REY","2","3.00 (3 0 0 0)","1,762","$793.98","$1,399,000","$1,237,500","$1,800.00","122,880","1999","0"
"","22","22-123571","12","C/C","S","13218   FIJI WAY #J","MARINA DEL REY","2","3.00 (2 0 1 0)","1,582","$692.16","$1,095,000","$1,105,000","$565.00","139,313","1969","9"
"","29","22-124157","12","C/C","S","33   PRIVATEER ST #6","MARINA DEL REY","2","3.00 (2 0 1 0)","1,597","$876.02","$1,399,000","$1,500,000","$350.00","4,793","1969","7"
"","23","22-124667","12","C/C","S","13320   BEACH AVE #304","MARINA DEL REY","1","2.00 (2 0 0 0)","1,210","$867.77","$1,050,000","$1,075,000","$430.00","21,011","2006","4"
"","23","22-125065","12","C/C","S","4365   MCLAUGHLIN AVE #27","LOS ANGELES","2","3.00 (3 0 0 0)","1,368","$620.61","$849,000","$952,000","$450.00","54,049","1980","7"
"","31","22-125641","12","C/C","S","13036   MINDANAO WAY #2","MARINA DEL REY","3","3.00 (3 0 0 0)","1,707","$702.40","$1,199,000","$1,300,000","$658.00","130,685","1977","9"
"","28","22-126271","12","C/C","S","13216   ADMIRAL AVE #B","MARINA DEL REY","3","3.00 (2 0 1 0)","1,985","$702.77","$1,395,000","$1,400,000","$520.00","83,571","1968","8"
"","2","22-126535","12","C/C","S","4215   GLENCOE AVE #308","MARINA DEL REY","0","1.00 (1 0 0 0)","715","$907.69","$649,000","$700,000","$446.13","79,615","2008","8"
"","19","22-126585","12","C/C","S","20   Ironsides St #16","Venice","2","3.00 (2 0 1 0)","1,875","$1,000","$1,875,000","$1,995,000","$400.00","16,929","1978","4"
"","27","22-127021","12","C/C","S","13700   MARINA POINTE DR #1422","VENICE","1","1.00 (1 0 0 0)","859","$1,023.28","$879,000","$884,000","$989.34","124,670","2003","8"
"","38","22-127179","12","C/C","S","4640   GLENCOE AVE #5","MARINA DEL REY","2","3.00 (1 1 1 0)","1,912","$653.24","$1,249,000","$1,250,000","$658.00","196,085","1977","23"
"","38","22-127187","12","C/C","S","4801   LA VILLA MARINA  #J","MARINA DEL REY","2","3.00 (1 1 1 0)","1,582","$693.43","$1,097,000","$1,143,805","$565.00","139,313","1969","14"
"","1","22-127689","12","C/C","S","4140   GLENCOE AVE #405","MARINA DEL REY","2","2.00 (2 0 0 0)","1,178","$844.65","$995,000","$1,127,000","$523.38","39,473","2016","12"
"","1","22-127829","12","C/C","S","4346   REDWOOD AVE #A108","MARINA DEL REY","2","2.00 (2 0 0 0)","1,929","$596.16","$1,150,000","$1,185,000","$1,266.08","0","1981","17"
"","30","22-128665","12","C/C","S","4215   GLENCOE AVE #118","MARINA DEL REY","2","2.00 (2 0 0 0)","2,100","$704.76","$1,480,000","$1,480,000","$609.37","79,615","2008","10"
"","1","22-128909","12","C/C","S","13650   Marina Pointe Dr #1507","Marina Del Rey","2","2.00 (2 0 0 0)","1,901","$841.14","$1,599,000","$1,600,000","$1,759.51","31,650","2006","1"
"","40","22-128925","12","C/C","S","13600   MARINA POINTE DR #1108","MARINA DEL REY","2","3.00 (2 0 1 0)","1,860","$832.80","$1,549,000","$1,490,000","$1,837.07","122,880","1999","25"
"","1","22-128937","12","C/C","S","3716   VIA DOLCE  ","MARINA DEL REY","3","3.00 (2 0 1 0)","1,714","$932.91","$1,599,000","$1,700,000","$460.00","105,178","1978","11"
"","23","22-128942","12","C/C","S","310   WASHINGTON BLVD #103","MARINA DEL REY","3","3.00 (2 1 0 0)","1,960","$813.78","$1,595,000","$1,584,300","$760.08","8,373","2012","5"
"","17","22-129329","12","C/C","S","13072   MAXELLA AVE #1","MARINA DEL REY","3","3.00 (2 0 1 0)","1,645","$778.12","$1,280,000","$1,337,500","$615.00","390,060","1975","11"
"","34","22-130353","12","C/C","S","14   REEF ST #4","MARINA DEL REY","2","2.00 (2 0 0 0)","1,377","$1,226.58","$1,689,000","$1,625,000","$300.00","3,031","1971","15"
"","25","22-130871","12","C/C","S","4151   REDWOOD AVE #305","LOS ANGELES","3","4.00 (4 0 0 0)","1,580","$882.91","$1,395,000","$1,525,000","$438.00","9,930","2007","13"
"","27","22-131763","12","C/C","S","4211   REDWOOD AVE #303","LOS ANGELES","2","2.00 (2 0 0 0)","1,120","$848.21","$949,999","$1,025,000","$421.04","38,497","2010","6"
"","1","22-132711","12","C/C","S","13600   Marina Pointe Drive #303","MARINA DEL REY","2","3.00 (2 0 1 0)","1,855","$592.99","$1,100,000","$1,100,000","$1,728.34","122,916","1999","0"
"","1","22-132805","12","C/C","S","4115   Glencoe Ave #309","MARINA DEL REY","2","2.00 (2 0 0 0)","1,240","$725","$899,000","$899,000","$600.00","39,560","2006","22"
"","21","22-133023","12","C/C","S","12957   BONAPARTE AVE #2","LOS ANGELES","1","1.00 (1 0 0 0)","811","$861.90","$699,000","$695,000","$250.00","5,750","1976","11"
"","24","22-133113","12","C/C","S","4316   Marina City Drive #123C","MARINA DEL REY","1","1.00 (1 0 0 0)","935","$529.41","$495,000","$495,000","$759.11","","","10"
"","18","22-134297","12","C/C","S","4080   GLENCOE AVE #409","MARINA DEL REY","2","2.00 (2 0 0 0)","1,340","$938.06","$1,257,000","$1,225,000","$557.83","11,330","2011","22"
"","26","22-134469","12","C/C","S","20   IRONSIDES ST #14","MARINA DEL REY","2","2.00 (1 1 0 0)","1,860","$1,018.82","$1,895,000","$1,885,000","$400.00","16,929","1978","11"
"","52","22-134497","12","C/C","S","13700   Marina Pointe Dr #1112","Marina Del Rey","1","2.00 (1 0 1 0)","1,088","$881.43","$959,000","$930,000","$1,060.30","124,611","2003","6"
"","1","22-134516","12","C/C","S","13700   MARINA POINTE DR #1806","MARINA DEL REY","3","3.00 (3 0 0 0)","1,881","$1,113.77","$2,095,000","$2,095,000","$1,232.00","124,670","2003","96"
"","21","22-134805","12","C/C","S","4316   Marina City DR #PH 26","MARINA DEL REY","2","3.00 (1 1 1 0)","2,652","$593.89","$1,575,000","$1,575,000","$2,154.51","","1972","6"
"","48","22-135071","12","C/C","S","4337   Marina City DR #235","MARINA DEL REY","3","2.00 (2 0 0 0)","","$0","$669,000","$660,000","$874.28","","1972","47"
"","21","22-135569","12","C/C","S","306   BORA BORA WAY #312","MARINA DEL REY","2","2.00 (2 0 0 0)","1,481","$877.79","$1,300,000","$1,320,000","$650.00","100,437","1978","7"
"","36","22-135627","12","C/C","S","3511   OCEAN FRONT WALK ","MARINA DEL REY","4","5.00 (4 0 1 0)","5,462","$1,373.12","$7,500,000","$7,400,000","$1,445.00","7,283","1989","13"
"","1","22-136681","12","C/C","S","13650   MARINA POINTE DR #1405","MARINA DEL REY","2","2.00 (2 0 0 0)","1,714","$816.80","$1,400,000","$1,400,000","$1,759.00","31,650","2006","0"
"","45","22-137007","12","C/C","S","4314   Marina City DR #826","MARINA DEL REY","1","1.00 (1 0 0 0)","","$0","$599,000","$535,000","$759.11","1,050","","119"
"","26","22-137991","12","C/C","S","4914 1/2  MCCONNELL AVE ","LOS ANGELES","3","3.00 (2 0 1 0)","1,608","$745.65","$1,199,000","$1,352,000","$530.00","94,892","1972","8"
"","1","22-138841","12","C/C","S","13600   MARINA POINTE DR #401","MARINA DEL REY","2","3.00 (2 0 1 0)","1,945","$519.28","$1,010,000","$1,010,000","$1,856.67","122,880","1999","0"
"","31","22-139603","12","C/C","S","4215   GLENCOE AVE #101","MARINA DEL REY","2","2.00 (2 0 0 0)","1,700","$702.94","$1,195,000","$1,277,250","$589.90","79,615","2008","9"
"","35","22-139653","12","C/C","S","310   WASHINGTON BLVD #601","MARINA DEL REY","4","3.00 (3 0 0 0)","2,080","$841.35","$1,750,000","$2,100,000","$788.00","10,142","2012","4"
"","31","22-139847","12","C/C","S","34   GALLEON ST ","MARINA DEL REY","3","3.00 (2 0 1 0)","1,796","$974.39","$1,750,000","$2,016,835","$530.00","6,567","1988","7"
"","25","22-140039","12","C/C","S","4365   ALLA RD #3","MARINA DEL REY","2","3.00 (1 1 1 0)","1,547","$645.44","$998,500","$1,050,000","$615.00","390,060","1975","8"
"","35","22-140430","12","C/C","S","13600   MARINA POINTE DR #812","MARINA DEL REY","2","3.00 (2 0 1 0)","1,920","$911.46","$1,750,000","$1,700,000","$1,851.59","122,880","1999","15"
"","32","22-140745","12","C/C","S","4600   VIA DOLCE  #2209","MARINA DEL REY","2","2.00 (2 0 0 0)","1,613","$774.95","$1,250,000","$1,290,000","$811.00","194,601","1979","16"
"","24","22-141117","12","C/C","S","13650   Marina Pointe Dr #406","Marina Del Rey","2","2.00 (2 0 0 0)","1,533","$717.55","$1,100,000","$1,100,000","$1,626.00","31,650","2006","62"
"","31","22-141439","12","C/C","S","2   KETCH ST #302","MARINA DEL REY","2","2.00 (2 0 0 0)","1,717","$1,732.67","$2,975,000","$3,012,000","$595.00","18,823","1971","11"
"","28","22-141881","12","C/C","S","13650   MARINA POINTE DR #1109","MARINA DEL REY","2","3.00 (3 0 0 0)","1,735","$734.87","$1,275,000","$1,275,000","$1,767.87","31,650","2006","0"
"","26","22-142201","12","C/C","S","4735   LA VILLA MARINA  #B","MARINA DEL REY","2","3.00 (2 0 1 0)","1,582","$647.91","$1,025,000","$1,199,200","$440.00","85,236","1966","8"
"","46","22-142461","12","C/C","S","13700   MARINA POINTE DR #1127","MARINA DEL REY","1","1.00 (1 0 0 0)","854","$923.89","$789,000","$782,000","$1,009.93","124,670","2003","38"
"","42","22-142747","12","C/C","S","13082   MINDANAO WAY #21","MARINA DEL REY","2","3.00 (3 0 0 0)","2,199","$590.72","$1,299,000","$1,450,000","$1,018.00","538,756","1980","4"
"","30","22-142951","12","C/C","S","4140   GLENCOE AVE #511","MARINA DEL REY","2","2.00 (2 0 0 0)","1,178","$912.56","$1,075,000","$1,190,000","$523.38","39,473","2016","11"
"","36","22-143469","12","C/C","S","13700   MARINA POINTE DR #1623","MARINA DEL REY","2","2.00 (2 0 0 0)","1,724","$984.92","$1,698,000","$1,625,000","$1,197.20","124,670","2003","50"
"","1","22-143627","12","C/C","S","13082   MINDANAO WAY #20","MARINA DEL REY","4","4.00 (3 0 1 0)","2,295","$766.45","$1,759,000","$1,895,000","$1,018.00","538,756","1980","7"
"","1","22-143679","12","C/C","S","13700   MARINA POINTE DR #519","MARINA DEL REY","1","2.00 (1 0 1 0)","959","$854.01","$819,000","$810,000","$1,032.53","124,670","2003","6"
"","2","22-144001","12","C/C","S","13700   MARINA POINTE DR #PH1911","MARINA DEL REY","2","2.00 (2 0 0 0)","1,537","$1,366.30","$2,100,000","$2,100,000","$1,156.95","124,670","2003","0"
"","1","22-144043","12","C/C","S","4140   GLENCOE AVE #306","MARINA DEL REY","2","3.00 (2 0 1 0)","1,502","$784.95","$1,179,000","$1,310,000","$523.00","39,473","2016","9"
"","30","22-144183","12","C/C","S","13214   Fiji Way #A","Marina Del Rey","2","3.00 (2 0 1 0)","1,582","$757.90","$1,199,000","$1,400,000","$565.00","139,313","1969","8"
"","1","22-144341","12","C/C","S","4600   VIA DOLCE  #2208","MARINA DEL REY","2","2.00 (2 0 0 0)","1,815","$658.40","$1,195,000","$1,300,000","$768.00","194,601","1979","8"
"","1","22-144429","12","C/C","S","4751   LA VILLA MARINA  #A","MARINA DEL REY","3","3.00 (3 0 0 0)","1,833","$572.83","$1,050,000","$1,050,000","$520.00","83,571","1968","0"
"","1","22-144493","12","C/C","S","13700   MARINA POINTE DR #1503","MARINA DEL REY","2","3.00 (2 0 1 0)","1,481","$1,144.50","$1,695,000","$1,640,000","$1,144.89","124,670","2003","13"
"","24","22-145431","12","C/C","S","4080   GLENCOE AVE #423","MARINA DEL REY","2","2.00 (2 0 0 0)","1,340","$926.87","$1,242,000","$1,234,000","$557.83","11,522","2011","37"
"","39","22-145541","12","C/C","S","13029   MINDANAO WAY #5","MARINA DEL REY","3","3.00 (2 0 1 0)","1,645","$759.88","$1,250,000","$1,420,000","$615.00","390,060","1975","5"
"","34","22-146124","12","C/C","S","4215   GLENCOE AVE #113","MARINA DEL REY","2","2.00 (1 1 0 0)","1,440","$763.89","$1,100,000","$1,271,000","$535.68","79,615","2008","6"
"","27","22-146231","12","C/C","S","4140   GLENCOE AVE #401","MARINA DEL REY","2","2.00 (1 1 0 0)","1,178","$887.10","$1,045,000","$1,045,000","$523.38","39,473","2016","55"
"","30","22-147227","12","C/C","S","4316   Marina City DR #527","MARINA DEL REY","2","2.00 (1 1 0 0)","1,422","$435.30","$619,000","$615,000","$1,154.35","","1972","4"
"","24","22-147495","12","C/C","S","32   GALLEON ST ","MARINA DEL REY","2","3.00 (2 0 1 0)","1,601","$1,246.10","$1,995,000","$1,935,000","$530.00","6,567","1988","3"
"","1","22-147993","12","C/C","S","13082   MINDANAO WAY #8","MARINA DEL REY","3","3.00 (2 0 1 0)","2,345","$648.19","$1,520,000","$1,520,000","$990.00","538,756","1980","0"
"","24","22-148206","12","C/C","S","4776   LA VILLA MARINA  #C","MARINA DEL REY","3","3.00 (2 0 1 0)","1,582","$790.14","$1,250,000","$1,370,000","$440.00","66,564","1968","7"
"","29","22-148360","12","C/C","S","4350   VIA DOLCE  #105","MARINA DEL REY","2","2.00 (2 0 0 0)","1,419","$774.49","$1,099,000","$1,125,000","$780.00","191,275","1974","7"
"","25","22-148493","12","C/C","S","4338   REDWOOD AVE #B116","MARINA DEL REY","2","2.00 (2 0 0 0)","1,886","$689.29","$1,300,000","$1,300,000","$950.00","259,480","1981","1,193"
"","8","22-149663","12","C/C","S","4746   LA VILLA MARINA  #D","VENICE","2","2.00 (2 0 0 0)","1,582","$726.30","$1,149,000","$1,180,000","$450.00","66,563","1967","4"
"","29","22-149918","12","C/C","S","13214   FIJI WAY #S","MARINA DEL REY","2","3.00 (2 0 1 0)","1,582","$774.34","$1,225,000","$1,400,000","$550.00","139,313","1969","8"
"","50","22-149961","12","C/C","S","4211   REDWOOD AVE #402","LOS ANGELES","2","2.00 (2 0 0 0)","1,470","$876.87","$1,289,000","$1,450,000","$454.22","38,497","2010","10"
"","1","22-149967","12","C/C","S","13322   MAXELLA AVE #5","MARINA DEL REY","3","3.00 (2 0 1 0)","1,585","$926.81","$1,469,000","$1,553,700","$527.00","552,048","1974","14"
"","1","22-149991","12","C/C","S","13228   FIJI WAY #A","MARINA DEL REY","3","3.00 (2 0 1 0)","1,647","$849.42","$1,399,000","$1,530,000","$450.00","67,052","1969","7"
"","1","22-150241","12","C/C","S","13700   Marina Pointe Dr #1411","Marina Del Rey","2","3.00 (2 0 1 0)","1,459","$924.61","$1,349,000","$1,225,000","$1,163.66","124,611","2003","176"
"","18","22-150415","12","C/C","S","4050   GLENCOE AVE #323","MARINA DEL REY","1","2.00 (2 0 0 0)","890","$825.84","$735,000","$730,500","$472.54","59,223","2007","23"
"","44","22-151019","12","C/C","S","13346  W WASHINGTON BLVD ","CULVER CITY","2","4.00 (2 0 2 0)","1,636","$794.01","$1,299,000","$1,325,000","$373.48","8,001","2013","54"
"","48","22-151941","12","C/C","S","4764   LA VILLA MARINA  #M","MARINA DEL REY","2","3.00 (2 0 1 0)","1,763","$765.74","$1,350,000","$1,325,000","$400.00","66,563","1967","24"
"","28","22-152107","12","C/C","S","13700   Marina Pointe Dr #918","Marina Del Rey","1","1.00 (1 0 0 0)","985","$851.78","$839,000","$820,000","$1,038.00","124,611","2003","26"
"","6","22-152235","12","C/C","S","306   BORA BORA WAY #108","MARINA DEL REY","2","2.00 (2 0 0 0)","1,492","$636.73","$950,000","$950,000","$650.00","100,437","1978","0"
"","48","22-152299","12","C/C","S","4338   REDWOOD AVE #B307","MARINA DEL REY","2","2.00 (2 0 0 0)","2,253","$621.39","$1,400,000","$1,440,000","$1,040.00","259,480","1981","7"
"","1","22-152533","12","C/C","S","310   WASHINGTON BLVD #101","MARINA DEL REY","4","3.00 (3 0 0 0)","2,090","$861.00","$1,799,500","$1,780,000","$565.00","16,295","2012","27"
"","19","22-152901","12","C/C","S","11806   AVON WAY #201","LOS ANGELES","2","3.00 (2 0 1 0)","1,609","$590.42","$949,988","$950,000","$425.00","6,988","1991","12"
"","49","22-153427","12","C/C","S","4215   GLENCOE AVE #126","MARINA DEL REY","2","2.00 (2 0 0 0)","1,630","$705.52","$1,150,000","$1,325,000","$564.00","79,615","2008","9"
"","42","22-154017","12","C/C","S","13218   FIJI WAY #G","MARINA DEL REY","3","3.00 (1 1 1 0)","1,932","$722.05","$1,395,000","$1,450,000","$565.00","139,313","1969","12"
"","38","22-154019","12","C/C","S","4764   LA VILLA MARINA  #J","MARINA DEL REY","3","3.00 (1 1 1 0)","1,932","$620.60","$1,199,000","$1,200,000","$400.00","66,563","1967","13"
"","31","22-154413","12","C/C","S","13700   MARINA POINTE DR #1707","MARINA DEL REY","2","3.00 (3 0 0 0)","1,738","$791.14","$1,375,000","$1,319,000","$1,180.00","124,670","2003","45"
"","1","22-154775","12","C/C","S","13700   Marina Pointe Dr #707","Marina Del Rey","1","1.00 (1 0 0 0)","996","$842.37","$839,000","$846,100","$1,018.77","124,662","2003","42"
"","27","22-155307","12","C/C","S","4337   Marina City DR #747","MARINA DEL REY","1","1.00 (1 0 0 0)","935","$588.24","$550,000","$530,000","$759.11","","1972","79"
"","29","22-155321","12","C/C","S","4267   Marina City DR #508","MARINA DEL REY","1","1.00 (1 0 0 0)","935","$683.42","$639,000","$636,000","$759.11","","1972","34"
"","19","22-155787","12","C/C","S","3817   OCEAN FRONT WALK ","MARINA DEL REY","4","4.00 (4 0 0 0)","4,525","$1,325.75","$5,999,000","$5,895,000","$3,600.00","7,442","1973","69"
"","1","22-156107","12","C/C","S","4521   ALLA RD #5","MARINA DEL REY","2","3.00 (3 0 0 0)","1,646","$753.34","$1,240,000","$1,240,000","$653.00","159,265","1978","10"
"","27","22-156323","12","C/C","S","25   Hurricane  #3","MARINA DEL REY","2","3.00 (2 0 1 0)","1,371","$871.63","$1,195,000","$1,195,000","$350.00","6,105","1981","9"
"","31","22-157123","12","C/C","S","4060   GLENCOE AVE #208","MARINA DEL REY","2","2.00 (2 0 0 0)","1,040","$816.35","$849,000","$900,000","$465.61","59,461","2004","5"
"","43","22-157217","12","C/C","S","310   Washington Blvd #802","MARINA DEL REY","3","3.00 (3 0 0 0)","1,835","$953.13","$1,749,000","$1,775,000","$788.00","28,509","2012","15"
"","1","22-157637","12","C/C","S","13600   MARINA POINTE DR #1708","MARINA DEL REY","2","3.00 (2 0 1 0)","1,860","$940.86","$1,750,000","$1,750,000","$1,837.07","122,880","1999","0"
"","36","22-158815","12","C/C","S","4631   ALLA RD #4","MARINA DEL REY","2","3.00 (2 0 0 1)","1,912","$611.40","$1,169,000","$1,150,000","$658.00","196,085","1977","29"
"","1","22-160685","12","C/C","S","4060   GLENCOE AVE #126","MARINA DEL REY","2","2.00 (2 0 0 0)","1,040","$816.35","$849,000","$901,000","$465.61","59,461","2004","7"
"","17","22-160769","12","C/C","S","13065   MINDANAO WAY #14","MARINA DEL REY","3","3.00 (2 0 1 0)","1,645","$728.88","$1,199,000","$1,251,000","$615.00","390,060","1975","11"
"","1","22-160917","12","C/C","S","3111   VIA DOLCE  #405","MARINA DEL REY","2","3.00 (2 0 1 0)","1,420","$844.37","$1,199,000","$1,300,000","$930.12","27,336","2010","7"
"","1","22-161001","12","C/C","S","310   WASHINGTON BLVD #105","MARINA DEL REY","3","3.00 (3 0 0 0)","1,960","$816.33","$1,600,000","$1,600,000","$565.00","16,295","2012","0"
"","1","22-161035","12","C/C","S","13650   MARINA POINTE DR #1402","MARINA DEL REY","2","3.00 (2 0 1 0)","2,509","$1,315.27","$3,300,000","$3,300,000","$2,070.10","31,650","2006","1"
"","28","22-161423","12","C/C","S","4265   Marina City DR #1107","MARINA DEL REY","1","1.00 (1 0 0 0)","935","$582.89","$545,000","$535,000","$759.11","","1972","1"
"","42","22-161429","12","C/C","S","13600   MARINA POINTE DR #1412","MARINA DEL REY","2","3.00 (2 0 1 0)","1,920","$1,041.15","$1,999,000","$1,950,000","$1,851.59","122,916","1999","75"
"","53","22-162605","12","C/C","S","3401   PACIFIC AVE #3","Marina Del Rey","3","3.00 (3 0 0 0)","2,575","$1,007.77","$2,595,000","$2,500,000","$480.00","6,462","1984","152"
"","31","22-162743","12","C/C","S","13700   MARINA POINTE DR #423","MARINA DEL REY","2","2.00 (2 0 0 0)","1,724","$782.48","$1,349,000","$1,275,000","$1,109.80","124,611","2003","15"
"","21","22-162947","12","C/C","S","20   NORTHSTAR ST ","MARINA DEL REY","3","3.00 (2 0 1 0)","1,633","$903.25","$1,475,000","$1,310,000","$446.00","8,981","1973","211"
"","3","22-163219","12","C/C","S","306   BORA BORA WAY #206","MARINA DEL REY","2","2.00 (2 0 0 0)","1,420","$773.94","$1,099,000","$1,089,000","$700.00","100,437","1978","54"
"","34","22-163355","12","C/C","S","3111   VIA DOLCE  #703","MARINA DEL REY","3","4.00 (3 0 1 0)","2,550","$1,098.04","$2,800,000","$2,770,000","$1,600.00","27,336","2010","32"
"","43","22-163987","12","C/C","S","13650   MARINA POINTE DR #702","MARINA DEL REY","2","3.00 (2 0 1 0)","2,509","$1,055.80","$2,649,000","$2,550,000","$2,070.00","31,647","2006","134"
"","1","22-164375","12","C/C","S","4411   ALLA RD #5","MARINA DEL REY","2","2.00 (1 1 0 0)","1,099","$764.33","$840,000","$900,000","$658.00","157,916","1976","61"
"","44","22-164595","12","C/C","S","4140   GLENCOE AVE #202","MARINA DEL REY","2","2.00 (2 0 0 0)","1,072","$838.62","$899,000","$988,000","$523.00","39,473","2016","11"
"","1","22-165804","12","C/C","S","13700   Marina Pointe Dr #314","Marina Del Rey","1","1.00 (1 0 0 0)","946","$1,003.17","$949,000","$920,000","$1,008.00","124,611","2003","12"
"","44","22-166285","12","C/C","S","4342   REDWOOD AVE #C205","LOS ANGELES","2","2.00 (2 0 0 0)","1,929","$609.12","$1,175,000","$1,190,000","$1,042.00","259,480","1981","35"
"","1","22-166965","12","C/C","S","3111   VIA DOLCE  #704","MARINA DEL REY","3","4.00 (4 0 0 0)","2,970","$1,414.14","$4,200,000","$4,200,000","$1,040.00","27,336","2010","0"
"","1","22-167711","12","C/C","S","4350   BERRYMAN AVE #16","LOS ANGELES","1","1.00 (1 0 0 0)","665","$774.44","$515,000","$510,000","$294.00","14,500","1976","20"
"","26","22-168379","12","C/C","S","4215   GLENCOE AVE #PH-402","MARINA DEL REY","2","2.00 (1 1 0 0)","1,180","$845.76","$998,000","$983,000","$506.00","79,615","2008","23"
"","35","22-168623","12","C/C","S","13600   MARINA POINTE DR #503","MARINA DEL REY","2","3.00 (2 0 1 0)","1,855","$754.18","$1,399,000","$1,450,000","$1,835.42","122,916","1999","14"
"","21","22-169017","12","C/C","S","3119   VIA DOLCE  #115","MARINA DEL REY","2","3.00 (3 0 0 0)","1,770","$755.93","$1,338,000","$1,300,000","$948.16","33,901","2010","74"
"","1","22-169027","12","C/C","S","13700   MARINA POINTE DR #808","MARINA DEL REY","2","3.00 (2 0 1 0)","1,748","$703.09","$1,229,000","$1,181,000","$1,202.36","124,670","2003","78"
"","36","22-169525","12","C/C","S","4350   GLENCOE AVE #3","MARINA DEL REY","2","3.00 (3 0 0 0)","1,866","$685.42","$1,279,000","$1,265,000","$540.00","552,048","1974","14"
"","54","22-170367","12","C/C","S","13700   MARINA POINTE DR #826","MARINA DEL REY","1","1.00 (1 0 0 0)","811","$887.79","$720,000","$685,000","$1,038.13","124,670","2003","21"
"","26","22-171015","12","C/C","S","4337   Marina City DR #735","MARINA DEL REY","3","2.00 (1 1 0 0)","1,722","$397.79","$685,000","$685,000","$1,396.65","","1972","15"
"","16","22-171315","12","C/C","S","13337   BEACH AVE #PH-407","Marina Del Rey","2","2.00 (2 0 0 0)","1,095","$856.62","$938,000","$910,000","$409.28","13,757","2013","67"
"","1","22-171351","12","C/C","S","4141   GLENCOE AVE #510","MARINA DEL REY","0","2.00 (1 0 1 0)","910","$807.69","$735,000","$735,000","$555.07","0","2008","27"
"","25","22-171445","12","C/C","S","310   WASHINGTON BLVD #206","MARINA DEL REY","3","3.00 (3 0 0 0)","1,960","$866.84","$1,699,000","$1,600,000","$564.01","16,295","2012","93"
"","35","22-171521","12","C/C","S","24   YAWL ST #2","MARINA DEL REY","3","4.00 (3 0 1 0)","1,600","$1,155.63","$1,849,000","$1,865,000","$750.00","4,174","1972","55"
"","24","22-171839","12","C/C","S","13221   ADMIRAL AVE #A","VENICE","2","3.00 (2 0 1 0)","1,672","$774.52","$1,295,000","$1,459,000","$440.00","85,236","1966","28"
"","23","22-171955","12","C/C","S","4215   GLENCOE AVE #206","MARINA DEL REY","1","1.00 (1 0 0 0)","965","$765.80","$739,000","$725,000","$477.90","79,615","2008","64"
"","21","22-172039","12","C/C","S","13035   MINDANAO WAY #7","MARINA DEL REY","2","3.00 (3 0 0 0)","1,575","$758.73","$1,195,000","$1,213,750","$615.00","390,060","1975","9"
"","38","22-172133","12","C/C","S","13000   MINDANAO WAY #5","MARINA DEL REY","2","2.00 (1 1 0 0)","1,099","$750.68","$825,000","$840,000","$658.00","157,916","1976","5"
"","52","22-172747","12","C/C","S","4115   GLENCOE AVE #108","MARINA DEL REY","2","2.00 (2 0 0 0)","1,780","$727.53","$1,295,000","$1,270,000","$600.00","39,560","2006","11"
"","44","22-172943","12","C/C","S","13600   MARINA POINTE DR #1012","VENICE","2","3.00 (2 0 1 0)","1,920","$932.29","$1,790,000","$1,775,000","$1,851.59","122,880","1999","19"
"","31","22-173159","12","C/C","S","4333   REDWOOD AVE #8","MARINA DEL REY","2","3.00 (2 0 1 0)","1,866","$602.89","$1,125,000","$1,125,000","$540.00","552,048","1974","14"
"","25","22-173667","12","C/C","S","4335   Marina City DR #534","MARINA DEL REY","1","1.00 (1 0 0 0)","935","$532.62","$498,000","$530,000","$759.11","","1972","3"
"","53","22-173793","12","C/C","S","4140   Glencoe Ave #404","Marina Del Rey","2","2.00 (2 0 0 0)","1,138","$874.34","$995,000","$995,000","$523.00","39,473","2016","17"
"","32","22-173999","12","C/C","S","4300   Via Dolce  #217","Venice","2","2.00 (2 0 0 0)","1,590","$471.70","$750,000","$875,000","$780.00","191,275","1974","8"
"","41","22-175350","12","C/C","S","4342   Redwood Ave #C308","Marina Del Rey","2","2.00 (2 0 0 0)","2,267","$703.57","$1,595,000","$1,585,000","$1,042.00","259,480","1981","8"
"","26","22-175690","12","C/C","S","4350   GLENCOE AVE #6","MARINA DEL REY","2","3.00 (3 0 0 0)","1,547","$872.01","$1,349,000","$1,325,000","$540.00","552,048","1974","9"
"","54","22-175747","12","C/C","S","4316   Marina City Dr #529","Marina Del Rey","2","2.00 (1 1 0 0)","","$0","$695,000","$660,000","$1,078.27","1,522","","18"
"","37","22-176419","12","C/C","S","4300   Via Dolce  #216","Venice","2","2.00 (2 0 0 0)","1,419","$632.28","$897,200","$854,000","$750.00","191,275","1974","69"
"","1","22-176531","12","C/C","S","4327   Alla Rd #3","Marina Del Rey","2","3.00 (2 0 1 0)","1,866","$747.59","$1,395,000","$1,380,000","$615.00","390,060","1975","37"
"","31","22-176757","12","C/C","S","4316   Marina City Dr #519","Marina Del Rey","3","2.00 (2 0 0 0)","1,722","$391.99","$675,000","$675,000","$1,396.65","","1975","3"
"","5","22-177947","12","C/C","S","4748   La Villa Marina  #D","Marina Del Rey","3","3.00 (2 0 1 0)","1,932","$568.84","$1,099,000","$970,000","$495.00","66,563","1967","33"
"","26","22-179727","12","C/C","S","13080   Mindanao Way #74","Marina Del Rey","2","3.00 (3 0 0 0)","2,199","$588.90","$1,295,000","$1,325,000","$1,018.00","538,756","1980","15"
"","1","22-180041","12","C/C","S","13243   Fiji Way #K","Marina Del Rey","2","3.00 (2 0 1 0)","1,932","$662.01","$1,279,000","$1,296,370","$325.00","66,605","1970","13"
"","32","22-182123","12","C/C","S","4314   Marina City DR #1016","MARINA DEL REY","3","2.00 (0 2 0 0)","1,722","$661.44","$1,139,000","$1,125,000","$1,396.65","","1972","75"
"","1","22-182452","12","C/C","S","13310   Maxella Ave #5","Marina Del Rey","3","3.00 (2 0 1 0)","1,585","$857.41","$1,359,000","$1,350,000","$540.00","552,048","1974","6"
"","35","22-184551","12","C/C","S","4739   La Villa Marina  #A","Marina Del Rey","2","3.00 (1 1 1 0)","1,763","$734.54","$1,295,000","$1,291,500","$528.00","85,236","1966","16"
"","38","22-184665","12","C/C","S","13600   MARINA POINTE DR #401","MARINA DEL REY","2","3.00 (2 0 1 0)","1,945","$745.50","$1,450,000","$1,400,000","$1,856.67","122,880","1999","24"
"","32","22-184667","12","C/C","S","13600   MARINA POINTE DR #514","MARINA DEL REY","1","2.00 (1 0 1 0)","1,700","$675.88","$1,149,000","$1,149,000","$1,798.61","122,880","1999","1"
"","31","22-187815","12","C/C","S","4050   Glencoe Ave #426","Marina Del Rey","1","2.00 (2 0 0 0)","980","$958.16","$939,000","$925,000","$450.00","59,223","2007","10"
"","27","22-188827","12","C/C","S","4316   Marina City Dr #125","Marina Del Rey","1","1.00 (1 0 0 0)","935","$533.69","$499,000","$499,000","$759.11","","1972","17"
"","29","22-189599","12","C/C","S","4318   Glencoe Ave #6","Marina Del Rey","2","3.00 (3 0 0 0)","1,544","$763.60","$1,179,000","$1,179,000","$540.00","552,048","1974","14"
"","1","22-190761","12","C/C","S","4080   Glencoe Ave #219","Marina Del Rey","2","2.00 (2 0 0 0)","1,340","$894.78","$1,199,000","$1,205,000","$598.64","11,321","2011","11"
"","27","22-193105","12","C/C","S","4140   GLENCOE AVE #409","MARINA DEL REY","2","3.00 (2 0 1 0)","1,569","$764.82","$1,200,000","$1,200,000","$523.38","39,473","2016","7"
"","38","22-193405","12","C/C","S","310   Washington Blvd #606","Marina Del Rey","3","3.00 (3 0 0 0)","2,080","$956.73","$1,990,000","$1,900,000","$564.73","10,142","2012","22"
"","2","22-194643","12","C/C","S","11910   Avon Way #4","Los Angeles","2","2.00 (2 0 0 0)","919","$651.80","$599,000","$600,000","$310.00","8,055","1976","48"
"","40","22-194677","12","C/C","S","13233   Fiji Way #A","Marina Del Rey","2","3.00 (1 1 1 0)","2,022","$642.68","$1,299,500","$1,242,500","$440.00","66,621","1970","88"
"","54","22-194813","12","C/C","S","4115   Glencoe Ave #106","Marina Del Rey","2","2.00 (2 0 0 0)","1,610","$806.83","$1,299,000","$1,299,000","$600.00","39,560","2006","8"
"","33","22-195197","12","C/C","S","13700   Marina Pointe Dr #514","Marina Del Rey","1","1.00 (1 0 0 0)","946","$914.38","$865,000","$850,000","$1,008.00","124,670","2003","7"
"","32","22-195735","12","C/C","S","4267   Marina City DR #304","MARINA DEL REY","2","2.00 (1 1 0 0)","1,422","$512.66","$729,000","$715,000","$1,154.35","","1972","66"
"","1","22-196265","12","C/C","S","13210   Fiji Way #M","Marina Del Rey","2","3.00 (2 0 1 0)","1,582","$884.32","$1,399,000","$1,418,000","$565.00","139,313","1969","7"
"","1","22-196423","12","C/C","S","4310   Glencoe Ave #9","Marina Del Rey","2","3.00 (3 0 0 0)","1,547","$614.09","$950,000","$950,000","$540.00","552,048","1974","33"
"","5","22-196437","12","C/C","S","7   Fleet St #203","Marina Del Rey","3","2.00 (2 0 0 0)","1,186","$1,644.18","$1,950,000","$1,880,000","$630.00","11,086","1968","0"
"","54","22-197197","12","C/C","S","13600   Marina Pointe Dr #504","Marina Del Rey","2","3.00 (2 0 1 0)","1,885","$663.13","$1,250,000","$1,097,500","$1,889.13","122,880","1999","23"
"","1","22-197365","12","C/C","S","11930   Avon Way #202","Los Angeles","2","2.00 (2 0 0 0)","965","$715.03","$690,000","$718,000","$360.00","14,836","1986","11"
"","37","22-197963","12","C/C","S","25 1/2  Mast St ","Marina Del Rey","2","2.00 (1 0 1 0)","1,228","$1,217.43","$1,495,000","$1,545,000","$416.67","6,466","1972","8"
"","1","22-198457","12","C/C","S","4734   La Villa Marina  #F","Marina Del Rey","3","3.00 (1 1 1 0)","1,582","$853.35","$1,350,000","$1,325,000","$410.00","66,564","1966","5"
"","28","22-198669","12","C/C","S","13700   Marina Pointe Dr #1007","Marina Del Rey","1","1.00 (1 0 0 0)","996","$848.39","$845,000","$810,000","$1,040.50","124,670","2003","29"
"","15","22-199183","12","C/C","S","4151   Redwood Ave #311","Los Angeles","3","4.00 (4 0 0 0)","1,500","$925.33","$1,388,000","$1,335,000","$438.00","9,930","2007","11"
"","25","22-199787","12","C/C","S","4616   Glencoe Ave #6","Marina Del Rey","2","2.00 (2 0 0 0)","1,153","$866.44","$999,000","$1,077,000","$658.00","159,265","1978","5"
"","25","22-199967","12","C/C","S","4350   Via Dolce  #204","Marina Del Rey","2","2.00 (2 0 0 0)","1,532","$652.74","$999,999","$1,000,000","$780.00","191,275","1974","8"
"","22","22-200015","12","C/C","S","4211   Redwood Ave #312","Los Angeles","2","2.00 (2 0 0 0)","1,130","$918.58","$1,038,000","$1,028,000","$422.00","38,497","2010","4"
"","1","22-200251","12","C/C","S","13220   Admiral Ave #F","Venice","3","2.00 (2 0 0 0)","1,932","$564.16","$1,089,950","$1,053,000","$475.00","85,900","1967","14"
"","32","22-200393","12","C/C","S","4316   Marina City DR #119","MARINA DEL REY","3","2.00 (1 1 0 0)","1,722","$434.96","$749,000","$730,000","$1,396.65","","1972","44"
"","10","22-200457","12","C/C","S","4140   Glencoe Ave #601","Marina Del Rey","2","2.00 (2 0 0 0)","1,050","$1,036.19","$1,088,000","$1,088,000","$523.38","39,473","2016","0"
"","28","22-201235","12","C/C","S","4105   Pacific Ave #7","Marina Del Rey","2","3.00 (2 0 1 0)","1,655","$1,326.28","$2,195,000","$2,195,000","$650.00","8,176","1973","7"
"","23","22-201405","12","C/C","S","5000  S Centinela Ave #109","Los Angeles","2","2.00 (2 0 0 0)","1,076","$552.97","$595,000","$612,199","$426.00","142,789","1970","15"
"","43","22-203907","12","C/C","S","13700   Marina Pointe Dr #309","Marina Del Rey","1","2.00 (1 0 1 0)","996","$852.41","$849,000","$825,000","$1,039.00","124,670","2003","10"
"","49","22-204199","12","C/C","S","13700   Marina Pointe Dr #1011","Marina Del Rey","2","3.00 (2 0 1 0)","1,459","$821.80","$1,199,000","$1,175,000","$1,140.16","124,670","2003","130"
"","35","22-204209","12","C/C","S","4342   Redwood Ave #C314","Marina Del Rey","2","2.00 (2 0 0 0)","2,253","$532.18","$1,199,000","$1,255,000","$1,042.00","259,480","1981","10"
"","53","22-204703","12","C/C","S","13600   MARINA POINTE DR #1705","MARINA DEL REY","2","3.00 (3 0 0 0)","1,900","$763.16","$1,450,000","$1,300,000","$1,846.51","122,916","1999","31"
"","1","22-205181","12","C/C","S","13078   Mindanao Way #214","Marina Del Rey","2","2.00 (2 0 0 0)","1,929","$610.68","$1,178,000","$1,178,000","$1,018.00","538,756","1980","5"
"","18","22-205749","12","C/C","S","12910   Walsh Ave #Unit 4","Los Angeles","2","1.00 (1 0 0 0)","705","$815.60","$575,000","$575,000","$441.00","7,887","1957","75"
"","35","22-207345","12","C/C","S","119   Fleet St ","Marina Del Rey","3","4.00 (3 0 1 0)","2,001","$897.05","$1,795,000","$1,900,000","","2,632","1999","5"
"","1","22-207353","12","C/C","S","13078   Mindanao Way #102","Marina Del Rey","2","2.00 (2 0 0 0)","1,952","$640.37","$1,250,000","$1,250,000","$1,018.00","538,756","1980","0"
"","1","22-207371","12","C/C","S","13080   Mindanao Way #72","Marina Del Rey","3","3.00 (3 0 0 0)","2,217","$766.35","$1,699,000","$1,660,000","$1,018.00","538,756","1980","9"
"","1","22-207585","12","C/C","S","4344   Glencoe Ave #5","Marina Del Rey","3","3.00 (2 0 1 0)","1,585","$791.80","$1,255,000","$1,215,000","$540.00","552,048","1974","77"
"","46","22-208775","12","C/C","S","13600   MARINA POINTE DR #714","MARINA DEL REY","1","2.00 (1 0 1 0)","1,700","$720.59","$1,225,000","$1,195,000","$1,798.61","","1999","56"
"","71","22-209339","12","C/C","S","13700   Marina Pointe Dr #PH1815","Marina Del Rey","2","3.00 (2 0 1 0)","1,952","$1,484.12","$2,897,000","$2,600,000","$1,247.00","124,670","2003","35"
"","53","22-210595","12","C/C","S","4344   Glencoe Ave #4","Marina Del Rey","2","3.00 (2 0 1 0)","1,544","$744.17","$1,149,000","$1,097,111","$540.00","552,048","1974","29"
"","41","22-210977","12","C/C","S","13700   Marina Pointe Dr #1410","Marina Del Rey","1","2.00 (1 0 1 0)","997","$971.92","$969,000","$980,000","$1,040.71","124,670","2003","6"
"","24","22-211195","12","C/C","S","5100   Via Dolce  #212","Marina Del Rey","2","2.00 (2 0 0 0)","1,481","$621.20","$920,000","$895,000","$700.00","100,437","1978","41"
"","22","22-212067","12","C/C","S","4601   Alla Rd #3","Marina Del Rey","2","3.00 (2 0 1 0)","1,646","$789.19","$1,299,000","$1,250,000","$658.00","196,085","1977","20"
"","23","22-212257","12","C/C","S","5000  S Centinela Ave #101","Los Angeles","1","1.00 (1 0 0 0)","780","$641.03","$500,000","$500,000","$382.00","142,789","1970","25"
"","1","22-212519","12","C/C","S","4751   La Villa Marina  #A","Marina Del Rey","3","3.00 (3 0 0 0)","1,833","$790.51","$1,449,000","$1,525,000","$614.00","83,571","1968","3"
"","1","22-213227","12","C/C","S","4735   La Villa Marina  #G","Marina Del Rey","2","3.00 (2 0 1 0)","1,582","$814.79","$1,289,000","$1,289,000","$528.00","85,236","1966","69"
"","32","22-214379","12","C/C","S","4411   Alla Rd #5","Marina Del Rey","2","3.00 (2 0 1 0)","1,099","$1,069.15","$1,175,000","$1,285,000","$658.00","157,916","1976","16"
"","25","22-214483","12","C/C","S","13650   Marina Pointe Dr #1604","Marina Del Rey","2","3.00 (2 0 1 0)","1,679","$1,057.18","$1,775,000","$1,730,000","$1,838.39","31,650","2006","119"
"","20","22-215393","12","C/C","S","6   Northstar St #205","Marina Del Rey","2","2.00 (2 0 0 0)","961","$2,289.28","$2,200,000","$2,200,000","$775.00","18,535","1969","39"
"","43","22-216071","12","C/C","S","4314   Marina City Dr #622","Marina Del Rey","2","2.00 (2 0 0 0)","1,422","$597.75","$850,000","$820,000","$1,054.35","","1972","72"
"","28","22-216369","12","C/C","S","13700   Marina Pointe Dr #1622","Marina Del Rey","1","1.00 (1 0 0 0)","859","$983.70","$845,000","$800,000","$1,011.10","124,670","2003","47"
"","21","22-216431","12","C/C","S","4265   Marina City Dr  #705","Marina Del Rey","1","1.00 (1 0 0 0)","935","$501.60","$469,000","$485,000","$759.00","","1972","24"
"","25","22-216465","12","C/C","S","4870   Mcconnell Ave ","Los Angeles","3","3.00 (2 0 1 0)","1,844","$563.45","$1,039,000","$1,150,000","$530.00","112,638","1972","9"
"","45","22-216553","12","C/C","S","13700   Marina Pointe Dr #419","Marina Del Rey","1","2.00 (1 0 0 1)","959","$812.30","$779,000","$779,000","$1,032.53","124,670","2003","66"
"","21","22-216825","12","C/C","S","4265   Marina City DR #715 WTN","MARINA DEL REY","2","2.00 (0 2 0 0)","1,422","$502.81","$715,000","$700,000","$1,154.35","","1972","29"
"","38","22-217183","12","C/C","S","13650   Marina Pointe Dr #1509","Marina Del Rey","2","3.00 (2 0 1 0)","1,735","$863.98","$1,499,000","$1,460,000","$1,866.17","31,650","2006","67"
"","20","22-217319","12","C/C","S","4766   La Villa Marina  #B","Marina Del Rey","2","3.00 (2 0 1 0)","1,582","$789.51","$1,249,000","$1,143,000","$400.00","66,563","1967","53"
"","30","22-217909","12","C/C","S","4751   La Villa Marina  #K","Marina Del Rey","3","3.00 (1 1 1 0)","1,763","$677.82","$1,195,000","$1,025,000","$614.00","83,571","1968","80"
"","3","22-217921","12","C/C","S","3507   Ocean Front Walk ","Marina Del Rey","4","5.00 (2 2 1 0)","5,462","$1,190.04","$6,500,000","$4,999,999","$1,445.00","7,283","1989","186"
"","44","22-218334","12","C/C","S","12695   Sandhill Ln #2","Playa Vista","3","3.00 (2 0 1 0)","2,026","$1,076.01","$2,180,000","$2,050,000","$790.00","14,438","2014","94"
"","1","22-218857","12","C/C","S","13337   Beach Ave #110","Marina Del Rey","3","2.00 (2 0 0 0)","1,474","$712.35","$1,050,000","$1,020,000","$447.00","11,252","2013","27"
"","7","22-221255","12","C/C","S","5100   Via Dolce  #101","Marina Del Rey","2","2.00 (2 0 0 0)","1,420","$773.94","$1,099,000","$1,079,000","$700.00","100,437","1978","13"
"","1","22-222215","12","C/C","S","306   Bora Bora Way #108","Marina Del Rey","2","2.00 (2 0 0 0)","1,492","$890.75","$1,329,000","$1,310,000","$700.00","100,437","1978","38"
"","28","22-222393","12","C/C","S","18   Privateer St #2","Marina Del Rey","1","2.00 (1 0 1 0)","720","$1,562.50","$1,125,000","$1,045,000","$250.00","3,147","1974","40"
"","2","22-222461","12","C/C","S","13082   Mindanao Way #23","Marina Del Rey","2","3.00 (3 0 0 0)","2,199","$727.60","$1,600,000","$1,567,000","$1,018.00","538,756","1980","59"
"","1","22-222473","12","C/C","S","13700   Marina Pointe Dr #823","Marina Del Rey","2","2.00 (2 0 0 0)","1,724","$754.06","$1,300,000","$1,300,000","$1,197.20","124,670","2003","0"
"","29","22-223789","12","C/C","S","4922 1/2  Mcconnell Ave ","Los Angeles","3","3.00 (3 0 0 0)","1,858","$672.77","$1,250,000","$1,200,000","$530.00","94,892","1972","19"
"","18","22-224563","12","C/C","S","16   Quarterdeck St #203","Marina Del Rey","2","2.00 (2 0 0 0)","1,102","$1,088.02","$1,199,000","$1,135,888","$335.00","6,104","1972","78"
"","38","22-227583","12","C/C","S","5510   Pacific Ave ","Marina Del Rey","3","3.00 (1 1 1 0)","1,772","$930.59","$1,649,000","$1,958,000","","3,711","1979","9"
"","33","23-228435","12","C/C","S","310   Tahiti Way #305","Marina Del Rey","2","2.00 (2 0 0 0)","1,462","$751.71","$1,099,000","$1,000,000","$811.00","194,601","1979","36"
"","1","23-228541","12","C/C","S","100   Driftwood St #10","Marina Del Rey","2","2.00 (2 0 0 0)","898","$1,112.47","$999,000","$1,025,000","$396.00","8,680","1969","9"
"","1","23-228705","12","C/C","S","310   Washington Blvd #307","Marina Del Rey","4","3.00 (3 0 0 0)","2,040","$832.84","$1,699,000","$1,800,000","$223.04","8,720","2012","7"
"","25","23-230249","12","C/C","S","13700   MARINA POINTE DR #704","MARINA DEL REY","2","2.00 (2 0 0 0)","1,240","$1,044.35","$1,295,000","$1,250,000","$1,080.00","124,670","2003","1"
"","1","23-231125","12","C/C","S","13229   Fiji Way #K","Marina Del Rey","3","3.00 (2 0 1 0)","1,647","$867.64","$1,429,000","$1,435,000","$430.00","87,554","1968","12"
"","18","23-231337","12","C/C","S","3422   SCHOONER AVE ##11","MARINA DEL REY","2","3.00 (2 0 1 0)","1,350","$907.41","$1,225,000","$1,183,800","$400.00","9,859","1969","13"
"","41","23-232163","12","C/C","S","24   Eastwind St #1","Marina Del Rey","3","4.00 (3 0 1 0)","2,286","$1,091.43","$2,495,000","$2,360,000","$750.00","3,085","1990","20"
"","27","23-232221","12","C/C","S","4316   Marina City DR #925","MARINA DEL REY","1","1.00 (1 0 0 0)","935","$582.89","$545,000","$535,000","$870.26","","1972","17"
"","4","23-232295","12","C/C","S","4115   Glencoe Ave #303","Marina Del Rey","2","2.00 (2 0 0 0)","1,770","$762.71","$1,350,000","$1,285,000","$600.00","39,560","2006","5"
"","36","23-232571","12","C/C","S","13600   Marina Pointe Dr #504","Marina Del Rey","2","3.00 (2 0 1 0)","1,885","$875.33","$1,650,000","$1,615,000","$1,977.69","122,880","1999","17"
"","37","23-233061","12","C/C","S","13650   MARINA POINTE DR #1403","MARINA DEL REY","2","2.00 (2 0 0 0)","1,780","$1,207.30","$2,149,000","$1,920,000","$1,866.17","31,650","2006","30"
"","43","23-233767","12","C/C","S","4310   Glencoe Ave #9","Marina Del Rey","2","3.00 (3 0 0 0)","1,547","$833.23","$1,289,000","$1,275,000","$580.00","552,048","1974","35"
"","34","23-233913","12","C/C","S","13082   Mindanao Way #24","Marina Del Rey","3","3.00 (3 0 0 0)","2,474","$706.95","$1,749,000","$1,726,500","$1,018.00","538,756","1980","12"
"","1","23-234483","12","C/C","S","13337   Beach Ave #109","Marina Del Rey","3","3.00 (3 0 0 0)","2,486","$602.98","$1,499,000","$1,485,000","$549.74","11,252","2013","34"
"","30","23-234697","12","C/C","S","4316   Marina City DR #1121","MARINA DEL REY","1","1.00 (1 0 0 0)","935","$593.58","$555,000","$555,000","$870.26","","1972","53"
"","29","23-234699","12","C/C","S","4314   Marina City DR #626","MARINA DEL REY","1","1.00 (0 1 0 0)","935","$679.14","$635,000","$635,000","$870.26","","1972","6"
"","25","23-235093","12","C/C","S","4450   Kensington Rd #3","Los Angeles","2","2.00 (2 0 0 0)","1,178","$615.45","$725,000","$769,000","$500.00","7,951","1981","9"
"","1","23-235773","12","C/C","S","4342   Redwood Ave #C-106","Marina Del Rey","2","2.00 (2 0 0 0)","1,966","$584.94","$1,150,000","$1,175,000","$1,095.00","259,480","1981","17"
"","33","23-236563","12","C/C","S","4337   Marina City Drive #249","MARINA DEL REY","3","2.00 (0 2 0 0)","1,722","$403.60","$695,000","$695,000","$1,396.65","","","52"
"","2","23-236903","12","C/C","S","13600   Marina Pointe Dr #1705","Marina Del Rey","2","3.00 (2 0 1 0)","1,900","$1,000","$1,900,000","$1,900,000","$1,981.54","122,880","1999","0"
"","40","23-237605","12","C/C","S","4314   Marina City DR #816 CTS","MARINA DEL REY","3","2.00 (0 2 0 0)","1,722","$487.22","$839,000","$888,000","$1,564.25","","","38"
"","42","23-237827","12","C/C","S","4707   La Villa Marina  #H","Marina Del Rey","3","3.00 (3 0 0 0)","1,763","$808.28","$1,425,000","$1,425,000","$432.00","65,854","1966","8"
"","46","23-237889","12","C/C","S","13121   Mindanao Way #3","Marina Del Rey","3","3.00 (3 0 0 0)","1,585","$800","$1,268,000","$1,250,000","$580.00","552,048","1974","40"
"","24","23-237915","12","C/C","S","4771   La Villa Marina  #J","Marina Del Rey","2","3.00 (2 0 1 0)","1,582","$789.51","$1,249,000","$1,239,000","$430.00","87,554","1968","20"
"","25","23-238843","12","C/C","S","25 1/2  Mast St ","Marina Del Rey","2","2.00 (1 0 1 0)","1,346","$1,259.29","$1,695,000","$1,654,000","$485.00","6,466","1972","11"
"","1","23-239423","12","C/C","S","13700   MARINA POINTE DR #1618","MARINA DEL REY","1","1.00 (1 0 0 0)","985","$837.56","$825,000","$825,000","$1,038.13","124,670","2003","7"
"","21","23-239545","12","C/C","S","11806   Avon Way #102","Los Angeles","2","3.00 (2 0 1 0)","1,618","$543.26","$879,000","$870,000","$450.00","6,962","1991","19"
"","40","23-241587","12","C/C","S","13600   Marina Pointe Dr #1604","Marina Del Rey","2","3.00 (3 0 0 0)","1,853","$862.92","$1,599,000","$1,486,875","$1,977.69","122,880","1999","31"
"","44","23-241689","12","C/C","S","4748   La Villa Marina  #D","Marina Del Rey","3","3.00 (2 0 1 0)","1,932","$698.24","$1,349,000","$1,560,000","$495.00","66,563","1967","14"
"","1","23-241947","12","C/C","S","25   Hurricane St #4","Marina Del Rey","2","3.00 (2 0 1 0)","1,371","$1,090.44","$1,495,000","$1,475,000","$350.00","6,105","1981","23"
"","1","23-242057","12","C/C","S","13700   Marina Pointe Dr #1104","Marina Del Rey","2","2.00 (2 0 0 0)","1,240","$1,047.58","$1,299,000","$1,250,000","$1,114.74","124,662","2003","12"
"","15","23-242229","12","C/C","S","13035   Mindanao Way #6","Marina Del Rey","2","3.00 (3 0 0 0)","1,547","$678.09","$1,049,000","$1,098,000","$653.00","390,060","1975","6"
"","1","23-242741","12","C/C","S","13600   Marina Pointe Dr #607","Marina Del Rey","2","3.00 (2 0 1 0)","1,850","$594.59","$1,100,000","$1,100,000","$1,969.37","122,880","1999","0"
"","1","23-243187","12","C/C","S","13224   Admiral Ave #J","Marina Del Rey","3","3.00 (2 0 1 0)","1,932","$722.05","$1,395,000","$1,525,000","$475.00","85,878","1967","12"
"","28","23-243573","12","C/C","S","13600   Marina Pointe Dr #307","Marina Del Rey","2","3.00 (2 0 1 0)","1,850","$905.41","$1,675,000","$1,638,500","$1,969.37","122,880","1999","69"
"","38","23-244903","12","C/C","S","11818   Courtleigh Dr #203","Los Angeles","2","2.00 (2 0 0 0)","1,308","$668.96","$875,000","$865,000","$400.00","8,019","1982","16"
"","1","23-244923","12","C/C","S","13700   Marina Pointe Dr #1205","Marina Del Rey","3","3.00 (2 0 1 0)","2,331","$1,276.28","$2,975,000","$2,625,000","$1,355.46","124,670","2003","63"
"","43","23-245015","12","C/C","S","4316   Marina City DR #425","MARINA DEL REY","1","1.00 (1 0 0 0)","1,005","$556.22","$559,000","$555,000","$870.26","","1972","50"
"","38","23-246269","12","C/C","S","3636   Via Dolce  ","Marina Del Rey","2","3.00 (3 0 0 0)","1,634","$902.69","$1,475,000","$1,525,000","$540.00","105,178","1978","0"
"","29","23-247365","12","C/C","S","3111   Via Dolce  #401","Marina Del Rey","3","3.00 (3 0 0 0)","2,230","$1,029.15","$2,295,000","$2,150,000","$1,143.29","27,349","2010","12"
"","32","23-247950","12","C/C","S","4314   Marina City DR #920","MARINA DEL REY","2","2.00 (1 1 0 0)","1,422","$527.43","$750,000","$750,000","$1,323.37","","1972","19"
"","33","23-248897","12","C/C","S","13206   Admiral Ave #H","Marina Del Rey","3","3.00 (2 0 1 0)","1,657","$784.55","$1,300,000","$1,255,000","$639.00","83,571","1968","52"
"","43","23-249315","12","C/C","S","13600   Marina Pointe DR #1905","MARINA DEL REY","2","3.00 (2 0 1 0)","1,900","$867.89","$1,649,000","$1,600,000","$1,981.54","122,916","1999","40"
"","2","23-249597","12","C/C","S","13600   Marina Pointe Dr #1615","Marina Del Rey","2","3.00 (2 0 1 0)","2,295","$849.67","$1,950,000","$1,900,000","$1,945.00","122,880","1999","43"
"","22","23-249912","12","C/C","S","4729   La Villa Marina  #C","Marina Del Rey","2","3.00 (1 1 1 0)","1,456","$820.74","$1,195,000","$1,213,000","$485.00","73,858","1966","9"
"","61","23-250249","12","C/C","S","13650   Marina Pointe Dr #1607","Marina Del Rey","2","2.00 (2 0 0 0)","1,901","$881.12","$1,675,000","$1,635,000","$1,939.11","31,650","2006","40"
"","48","23-251067","12","C/C","S","13600   Marina Pointe Dr #1601","Venice","2","3.00 (3 0 0 0)","1,945","$989.72","$1,925,000","$1,975,000","$1,991.74","122,880","1999","23"
"","2","23-251139","12","C/C","S","33   Privateer St #3","Marina Del Rey","2","3.00 (2 0 1 0)","1,597","$1,061.37","$1,695,000","$1,615,000","$420.00","4,793","1969","38"
"","38","23-253339","12","C/C","S","4501   Alla Rd #1","Marina Del Rey","2","3.00 (2 0 1 0)","1,646","$789.19","$1,299,000","$1,375,000","$696.00","159,265","1978","8"
"","24","23-254295","12","C/C","S","16   Quarterdeck St #102","Marina Del Rey","2","2.00 (2 0 0 0)","1,461","$957.56","$1,399,000","$1,399,000","$417.60","6,104","1972","53"
"","25","23-254687","12","C/C","S","4050   Glencoe Ave #325","Marina Del Rey","1","2.00 (1 0 1 0)","880","$897.73","$790,000","$800,000","$471.45","59,223","2007","36"
"","27","23-254689","12","C/C","S","4140   Glencoe Ave #312","Marina Del Rey","2","2.00 (1 1 0 0)","1,205","$828.22","$998,000","$1,028,000","$628.00","39,473","2016","8"
"","45","23-256165","12","C/C","S","4337   Marina City Dr #949","Marina Del Rey","3","2.00 (1 1 0 0)","","$0","$690,000","$650,000","$1,601.15","1,870","","69"
"","31","23-256615","12","C/C","S","4314   Marina City DR #616","MARINA DEL REY","3","2.00 (1 1 0 0)","1,722","$505.81","$871,000","$857,000","$1,601.15","","1972","15"
"","1","23-256947","12","C/C","S","100   Driftwood St #11","Marina Del Rey","1","2.00 (2 0 0 0)","950","$1,065.79","$1,012,500","$1,012,500","$450.00","8,680","1969","0"
"","23","23-257725","12","C/C","S","4080   Glencoe Ave #403","Marina Del Rey","2","2.00 (2 0 0 0)","1,260","$869.05","$1,095,000","$1,250,000","$582.64","11,526","2011","10"
"","28","23-258919","12","C/C","S","4267   Marina City Dr #608","Marina Del Rey","1","1.00 (1 0 0 0)","935","$668.45","$625,000","$640,000","$870.26","","1972","20"
"","1","23-259303","12","C/C","S","4115   Glencoe Ave #206","Marina Del Rey","2","2.00 (2 0 0 0)","1,250","$719.20","$899,000","$899,000","$600.00","39,560","2006","17"
"","1","23-259371","12","C/C","S","4800   La Villa Marina  #F","Marina Del Rey","2","3.00 (2 0 1 0)","1,582","$738.94","$1,169,000","$1,169,000","$350.00","71,647","1968","3"
"","1","23-259711","12","C/C","S","4631   Alla Rd #4","Marina Del Rey","2","3.00 (2 0 1 0)","1,912","$611.40","$1,169,000","$1,150,000","$696.00","196,085","1977","18"
"","31","23-260881","12","C/C","S","4735   La Villa Marina  #B","Marina Del Rey","2","3.00 (2 0 1 0)","1,582","$755.37","$1,195,000","$1,175,000","$528.00","85,032","1966","37"
"","1","23-262033","12","C/C","S","4720   La Villa Marina  #H","Marina Del Rey","3","3.00 (2 0 1 0)","1,582","$884.32","$1,399,000","$1,410,000","$475.00","66,564","1966","5"
"","45","23-262551","12","C/C","S","4316   Marina City Dr  #623","Marina Del Rey","1","1.00 (1 0 0 0)","935","$533.69","$499,000","$495,000","$870.76","","","28"
"","27","23-263229","12","C/C","S","4734   La Villa Marina  #C","Marina Del Rey","2","3.00 (2 0 1 0)","1,626","$796.43","$1,295,000","$1,330,000","$410.00","66,564","1966","8"
"","28","23-265089","12","C/C","S","33   Reef St #4","Marina Del Rey","2","2.00 (2 0 0 0)","1,631","$1,286.94","$2,099,000","$2,079,000","$733.00","8,371","1973","3"
"","1","23-265253","12","C/C","S","13700   MARINA POINTE DR #602","MARINA DEL REY","2","3.00 (2 0 1 0)","1,630","$919.63","$1,499,000","$1,499,000","$1,200.79","124,670","2003","18"
"","35","23-266381","12","C/C","S","4314   Marina City DR #PH21","MARINA DEL REY","3","3.00 (2 0 1 0)","2,652","$621.79","$1,649,000","$1,625,000","$2,469.98","","1972","11"
"","37","23-268183","12","C/C","S","13221   Admiral Ave #F","Marina Del Rey","3","2.00 (2 0 0 0)","1,932","$566.77","$1,095,000","$1,236,000","$528.00","85,032","1966","7"
"","54","23-268441","12","C/C","S","13082   Mindanao Way #14","Marina Del Rey","2","3.00 (3 0 0 0)","2,199","$727.15","$1,599,000","$1,728,000","$1,072.50","538,756","1980","11"
"","54","23-269533","12","C/C","S","13600   Marina Pointe Dr #409","Marina Del Rey","2","3.00 (3 0 0 0)","2,075","$650.60","$1,350,000","$1,295,000","$2,024.30","122,880","1999","5"
"","21","23-271123","12","C/C","S","30   Voyage St ","Marina Del Rey","3","4.00 (3 0 1 0)","1,700","$1,111.76","$1,890,000","$1,900,000","","2,671","1975","7"
"","33","23-271291","12","C/C","S","4080   GLENCOE Ave #303","Marina Del Rey","2","2.00 (2 0 0 0)","1,340","$944.03","$1,265,000","$1,265,000","$582.62","11,526","2011","4"
"","1","23-285257","12","C/C","S","4616   Glencoe Ave #4","Marina Del Rey","2","3.00 (2 0 1 0)","1,912","$627.62","$1,200,000","$1,200,000","$696.00","159,265","1978","0"
"","","COMP23100036","12","C/C","S","13249   FIJI WAY #F","VENICE","2","2.00 (2 0 0 0)","1,582","$779.08","$1,232,500","$1,232,500","","66,736","1971","0"
"","","COMP23100120","12","C/C","S","13650   MARINA POINTE DR #605","MARINA DEL REY","2","2.00 (2 0 0 0)","1,602","$827.09","$1,325,000","$1,325,000","","31,650","2006","0"
"","","COMP23100480","12","C/C","S","4521   ALLA RD #4","MARINA DEL REY","2","3.00 (3 0 0 0)","1,912","$575.31","$1,100,000","$1,100,000","","159,265","1978","0"
"","","COMP23100732","12","C/C","S","13600   MARINA POINTE DR #705","MARINA DEL REY","2","3.00 (3 0 0 0)","1,830","$551.91","$1,010,000","$1,010,000","","122,880","1999","0"
"","","COMP23101010","12","C/C","S","13226   ADMIRAL AVE #D","VENICE","2","2.00 (2 0 0 0)","1,932","$668.22","$1,291,000","$1,291,000","","85,900","1967","0"
"","","COMP23101075","12","C/C","S","6   NORTHSTAR ST #108","MARINA DEL REY","3","2.00 (2 0 0 0)","1,170","$2,474.36","$2,895,000","$2,895,000","","18,535","1969","0"
"","","COMP23101765","12","C/C","S","311   BORA BORA WAY #3210","MARINA DEL REY","2","2.00 (2 0 0 0)","1,633","$646.05","$1,055,000","$1,055,000","","194,601","1979","0"
"","","COMP23101873","12","C/C","S","310   WASHINGTON BLVD #405","MARINA DEL REY","3","3.00 (3 0 0 0)","1,960","$806.12","$1,580,000","$1,580,000","","8,806","2012","0"
"","","COMP23102019","12","C/C","S","13020   MAXELLA AVE #3","MARINA DEL REY","2","2.00 (2 0 0 0)","1,398","$732.47","$1,024,000","$1,024,000","","390,060","1975","0"
"","","COMP23102052","12","C/C","S","4265   MARINA CITY DR #534","MARINA DEL REY",""," (0 0 0 0)","","$0","$495,000","$495,000","","433,784","","0"
"","","COMP23102806","12","C/C","S","3215   OCEAN FRONT WALK #101","VENICE","3","3.00 (3 0 0 0)","1,489","$1,280.39","$1,906,500","$1,906,500","","2,520","1968","0"
"","","COMP23102828","12","C/C","S","4357   ALLA RD #3","MARINA DEL REY","2","3.00 (3 0 0 0)","1,575","$600","$945,000","$945,000","","390,060","1975","0"
"","","COMP23102876","12","C/C","S","4720   LA VILLA MARINA  #30","MARINA DEL REY","2","2.00 (2 0 0 0)","1,582","$600.51","$950,000","$950,000","","66,564","1966","0"
"","","COMP23102960","12","C/C","S","13326   MAXELLA AVE #3","MARINA DEL REY","3","3.00 (3 0 0 0)","1,585","$630.91","$1,000,000","$1,000,000","","552,048","1974","0"
"","","COMP23103082","12","C/C","S","4608   GLENCOE AVE #5","MARINA DEL REY","3","3.00 (3 0 0 0)","1,707","$761.57","$1,300,000","$1,300,000","","159,265","1978","0"
"","","COMP23103104","12","C/C","S","4736   LA VILLA MARINA  #A","VENICE","2","2.00 (2 0 0 0)","1,582","$600.51","$950,000","$950,000","","66,564","1966","0"
"","","COMP23103165","12","C/C","S","310   WASHINGTON BLVD #305","MARINA DEL REY","3","3.00 (3 0 0 0)","1,960","$774.49","$1,518,000","$1,518,000","","8,720","2012","0"
"","","COMP23103803","12","C/C","S","13600   MARINA POINTE DR #909","VENICE","2","3.00 (3 0 0 0)","1,930","$997.93","$1,926,000","$1,926,000","","122,880","1999","0"
"","","COMP23104074","12","C/C","S","4764   LA VILLA MARINA  #N","VENICE","3","2.00 (2 0 0 0)","1,932","$559.78","$1,081,500","$1,081,500","","66,563","1967","0"
"","","COMP23104150","12","C/C","S","4737   LA VILLA MARINA  #H","VENICE","2","2.00 (2 0 0 0)","1,582","$591.02","$935,000","$935,000","","85,236","1966","0"
"","","COMP23104904","12","C/C","S","3111   VIA DOLCE  #402","MARINA DEL REY","2","3.00 (3 0 0 0)","1,550","$764.52","$1,185,000","$1,185,000","","27,336","2010","0"
"","","COMP23105025","12","C/C","S","306   BORA BORA WAY #109","VENICE","2","2.00 (2 0 0 0)","1,481","$472.65","$700,000","$700,000","","100,437","1978","0"
"","","COMP23105437","12","C/C","S","4080   GLENCOE AVE #418","MARINA DEL REY","1","2.00 (2 0 0 0)","1,260","$1,027.78","$1,295,000","$1,295,000","","11,321","2011","0"
"","","COMP23105459","12","C/C","S","1   JIB ST #104","MARINA DEL REY","","1.00 (1 0 0 0)","601","$1,329.45","$799,000","$799,000","","5,351","1969","0"
"","","COMP23105659","12","C/C","S","24   KETCH ST #1","MARINA DEL REY","3","3.00 (3 0 0 0)","1,884","$1,326.96","$2,500,000","$2,500,000","","3,418","1979","0"
"","","COMP23106095","12","C/C","S","24   WESTWIND ST #C","MARINA DEL REY","2","3.00 (3 0 0 0)","1,367","$987.56","$1,350,000","$1,350,000","","6,140","1973","0"
"","","COMP23106288","12","C/C","S","1   NORTHSTAR ST #12","VENICE","2","3.00 (3 0 0 0)","1,999","$1,800.90","$3,600,000","$3,600,000","","11,093","1973","0"
"","","COMP23106660","12","C/C","S","4060   GLENCOE AVE #327","MARINA DEL REY","2","2.00 (2 0 0 0)","950","$931.58","$885,000","$885,000","","59,461","2004","0"
"","","COMP23107183","12","C/C","S","13219   FIJI WAY #G","MARINA DEL REY","2","2.00 (2 0 0 0)","1,582","$647.91","$1,025,000","$1,025,000","","87,554","1968","0"
"","","COMP23126298","12","C/C","S","4333   REDWOOD AVE #8","VENICE","2","3.00 (3 0 0 0)","1,866","$602.89","$1,125,000","$1,125,000","","552,048","1974","0"
"","","COMP23126622","12","C/C","S","4501   ALLA RD #5","MARINA DEL REY","2","3.00 (3 0 0 0)","1,646","$771.57","$1,270,000","$1,270,000","","159,265","1978","0"
"","","COMP23127931","12","C/C","S","4151   REDWOOD AVE #303","LOS ANGELES","3","4.00 (4 0 0 0)","1,500","$853.33","$1,280,000","$1,280,000","","9,930","2007","0"
"","","COMP23127997","12","C/C","S","13225   ADMIRAL AVE #C","MARINA DEL REY","3","2.00 (2 0 0 0)","1,932","$595.24","$1,150,000","$1,150,000","","85,878","1967","0"
"","","COMP23128434","12","C/C","S","13700   MARINA POINTE DR #604","MARINA DEL REY","2","2.00 (2 0 0 0)","1,153","$1,300.09","$1,499,000","$1,499,000","","124,670","2003","0"
"","43","DW22195737MR","12","C/C","S","13210   Admiral AVE #J","MARINA DEL REY","3","3.00 (1 1 1 0)","1,932","$716.87","$1,385,000","$1,410,000","$614.00","83,571","1968","9"
"","33","EV22204514MR","12","C/C","S","4080   Glencoe AVE #102","MARINA DEL REY","2","2.00 (2 0 0 0)","1,480","$929.05","$1,375,000","$1,300,000","$600.00","7,975","2011","45"
"","28","NP22117934MR","12","C/C","S","18   Privateer ST #3","MARINA DEL REY","2","3.00 (2 0 1 0)","1,752","$1,041.67","$1,825,000","$1,725,000","$366.00","3,147","1974","72"
"","24","NP23036349MR","12","C/C","S","4080   Glencoe AVE #321","MARINA DEL REY","2","2.00 (2 0 0 0)","1,340","$988.81","$1,325,000","$1,300,000","$583.00","","2011","37"
"","26","OC21079753MR","12","C/C","S","4215   Glencoe AVE #329","MARINA DEL REY","2","2.00 (2 0 0 0)","1,740","$586.21","$1,020,000","$1,020,000","$562.00","79,615","2008","285"
"","21","OC21262327MR","12","C/C","S","4140   Glencoe AVE #606","MARINA DEL REY","2","2.00 (2 0 0 0)","980","$1,004.08","$984,000","$992,500","$523.00","39,473","2016","40"
"","36","OC22019824MR","12","C/C","S","13700   Marina Pointe DR #824","MARINA DEL REY","2","3.00 (3 0 0 0)","1,667","$839.77","$1,399,900","$1,400,000","$1,228.00","124,662","2003","17"
"","32","OC22029343MR","12","C/C","S","13700   Marina Pointe Drive #PH1914","MARINA DEL REY","2","3.00 (2 0 0 1)","1,749","$1,200.69","$2,100,000","$2,000,000","$800.00","0","2003","28"
"","40","OC22087258MR","12","C/C","S","13082   Mindanao WAY #60","MARINA DEL REY","2","3.00 (3 0 0 0)","2,199","$750.34","$1,650,000","$1,750,000","$1,018.00","538,756","1980","6"
"","27","OC22097058MR","12","C/C","S","4333   Redwood AVE #2","MARINA DEL REY","3","3.00 (3 0 0 0)","1,547","$892.05","$1,380,000","$1,350,000","$540.00","552,048","1974","8"
"","26","OC22147411MR","12","C/C","S","4115   Glencoe AVE #302","MARINA DEL REY","2","2.00 (2 0 0 0)","1,800","$750","$1,350,000","$1,350,000","$600.00","39,560","2006","6"
"","21","OC22156234MR","12","C/C","S","310   Washington BLVD #204","MARINA DEL REY","3"," (0 0 0 0)","1,960","$829.08","$1,625,000","$1,600,000","$787.00","16,295","2012","111"
"","32","OC22201367MR","12","C/C","S","13337   Beach AVE #205","MARINA DEL REY","2","2.00 (2 0 0 0)","1,095","$799.09","$875,000","$850,000","$402.00","","2013","42"
"","10","OC23071016MR","12","C/C","S","4150   Via Dolce  #337","MARINA DEL REY","2","2.00 (2 0 0 0)","1,550","$806.45","$1,250,000","$1,250,000","$780.00","191,275","1974","7"
"","30","PV22008920MR","12","C/C","S","5000  S Centinela AVE #238","LOS ANGELES","1","1.00 (1 0 0 0)","778","$623.39","$485,000","$505,000","$373.00","142,789","1970","9"
"","39","PV22129145MR","12","C/C","S","125   Fleet ST #A","MARINA DEL REY","3","4.00 (2 1 1 0)","1,994","$947.84","$1,890,000","$1,885,000","$193.00","2,633","1999","23"
"","19","PV22150041MR","12","C/C","S","33   Privateer ST #5","MARINA DEL REY","2","3.00 (1 1 1 0)","1,234","$1,175.04","$1,450,000","$1,397,000","$420.00","4,793","1969","9"
"","21","PV22189141MR","12","C/C","S","306   Bora Bora WAY #205","MARINA DEL REY","2","2.00 (2 0 0 0)","1,497","$800.94","$1,199,000","$1,100,000","$700.00","100,437","1978","31"
"","31","PW21162246MR","12","C/C","S","3862   Via Dolce  ","MARINA DEL REY","2","3.00 (3 0 0 0)","1,595","$877.74","$1,400,000","$1,400,000","$460.00","","1978","83"
"","26","PW21247683MR","12","C/C","S","4555   Alla RD #3","MARINA DEL REY","2","3.00 (2 0 1 0)","1,646","$753.34","$1,240,000","$1,240,000","$658.00","196,085","1977","83"
"","35","PW22076600MR","12","C/C","S","12957   Bonaparte AVE #5","LOS ANGELES","2","2.00 (2 0 0 0)","1,127","$824.31","$929,000","$888,000","$250.00","5,750","1976","2"
"","22","PW22135271MR","12","C/C","S","4215   Glencoe AVE #307","MARINA DEL REY","1","1.00 (1 0 0 0)","715","$943.92","$674,900","$672,500","$446.00","79,615","2008","67"
"","36","PW22140991MR","12","C/C","S","4600   Glencoe AVE #2","MARINA DEL REY","3","3.00 (3 0 0 0)","1,707","$741.07","$1,265,000","$1,265,000","$658.00","159,265","1978","103"
"","69","SB21238081MR","12","C/C","S","13600   Marina Pointe DR #503","MARINA DEL REY","2","3.00 (3 0 0 0)","1,746","$572.16","$999,000","$965,000","$1,728.00","122,880","1999","41"
"","40","SB21255931MR","12","C/C","S","13078   Mindanao Way #215","MARINA DEL REY","2","2.00 (2 0 0 0)","1,929","$578.02","$1,115,000","$1,115,000","$990.00","538,756","1980","7"
"","33","SB22015996MR","12","C/C","S","4327   Alla RD #3","MARINA DEL REY","2","3.00 (2 0 1 0)","1,866","$535.37","$999,000","$1,100,000","$615.00","390,060","1975","4"
"","36","SB22067879MR","12","C/C","S","13320 PH 404  Beach AVE #404","MARINA DEL REY","1","3.00 (1 1 1 0)","2,040","$772.06","$1,575,000","$1,550,000","$448.00","","2006","3"
"","52","SB22087835MR","12","C/C","S","13700   Marina Pointe Dr #1823","MARINA DEL REY","2","3.00 (2 0 1 0)","1,447","$1,036.63","$1,500,000","$1,600,000","$1,138.00","124,670","2003","3"
"","52","SB22089622MR","12","C/C","S","1   topsail  #103","MARINA DEL REY","4","4.00 (1 2 1 0)","2,337","$2,139.50","$5,000,000","$4,800,000","$530.00","7,448","1978","38"
"","37","SB22149095MR","12","C/C","S","15   Spinnaker ST #101","MARINA DEL REY","3","3.00 (3 0 0 0)","1,337","$1,038.89","$1,389,000","$1,359,000","$575.00","17,866","1967","16"
"","27","SB22187841MR","12","C/C","S","13241   Fiji WAY #G","MARINA DEL REY","3","3.00 (1 1 1 0)","1,582","$815.42","$1,290,000","$1,290,000","$325.00","66,736","1970","23"
"","49","SB22188096MR","12","C/C","S","112   Galleon ST ","MARINA DEL REY","3","4.00 (3 0 1 0)","2,135","$888.99","$1,898,000","$2,000,000","$356.00","5,260","2005","9"
"","52","SB22229880MR","12","C/C","S","13650   Marina Pointe DR #603","MARINA DEL REY","2","3.00 (2 0 1 0)","1,789","$837.90","$1,499,000","$1,450,000","$1,767.00","31,650","2006","35"
"","46","SB22253173MR","12","C/C","S","4321   Alla RD #1","MARINA DEL REY","2","3.00 (2 0 1 0)","1,866","$616.29","$1,150,000","$1,155,000","$653.00","","1975","40"
"","15","SB22260522MR","12","C/C","S","4342   Redwood AVE #C-212","MARINA DEL REY","2","2.00 (2 0 0 0)","1,966","$559.51","$1,100,000","$975,000","$1,266.00","259,480","1981","25"
"","26","SB23044099MR","12","C/C","S","4060   Glencoe AVE #320","MARINA DEL REY","1","1.00 (1 0 0 0)","680","$977.94","$665,000","$685,000","$465.00","59,461","2004","7"
"","48","SB23062027MR","12","C/C","S","4342   Redwood AVE #C-104","MARINA DEL REY","2","2.00 (2 0 0 0)","1,929","$673.41","$1,299,000","$1,299,000","$1,095.00","259,480","1981","11"
"","28","SC22010322MR","12","C/C","S","5000  S Centinela AVE #214","LOS ANGELES","2","2.00 (2 0 0 0)","1,076","$556.69","$599,000","$599,000","$427.00","142,789","1970","25"
"","29","SR21234663CN","12","C/C","S","311   Bora Bora WAY #108","MARINA DEL REY","3","3.00 (3 0 0 0)","2,250","$666.67","$1,500,000","$1,685,000","$758.00","194,601","1979","8"
"","1","SR21235218CN","12","C/C","S","13322   Maxella AVE #5","MARINA DEL REY","3","3.00 (3 0 0 0)","1,585","$662.46","$1,050,000","$1,000,000","$527.00","552,048","1974","0"
"","24","SR22006153CN","12","C/C","S","4910   Mcconnell AVE ","LOS ANGELES","3","3.00 (3 0 0 0)","1,608","$746.21","$1,199,900","$1,225,000","$530.00","94,892","1972","18"
"","34","SR22008286CN","12","C/C","S","13650   Marina Pointe DR #603","MARINA DEL REY","2","3.00 (2 0 1 0)","1,789","$832.87","$1,490,000","$1,475,000","$1,695.00","31,650","2006","16"
"","23","SR22028684CN","12","C/C","S","13700   Marina Pointe DR #1214","MARINA DEL REY","1","1.00 (1 0 0 0)","946","$918.60","$869,000","$865,000","$1,000.00","124,670","2003","8"
"","12","SR22053550CN","12","C/C","S","11733   Avon WAY #104","LOS ANGELES","2","2.00 (2 0 0 0)","870","$775.86","$675,000","$750,000","$390.00","6,700","1987","8"
"","19","SR22071769CN","12","C/C","S","11831   Avon WAY #301","LOS ANGELES","3","3.00 (3 0 0 0)","1,480","$658.78","$975,000","$1,005,000","$540.00","7,343","2007","8"
"","31","SR22086631CN","12","C/C","S","310   Washington BLVD #506","MARINA DEL REY","4","3.00 (3 0 0 0)","2,080","$889.42","$1,849,999","$2,085,000","$539.00","9,913","2012","0"
"","25","SR22091498CN","12","C/C","S","4631   Alla RD #5","MARINA DEL REY","2","3.00 (2 0 1 0)","1,646","$728.43","$1,199,000","$1,100,000","$658.00","196,085","1977","6"
"","30","SR22123516CN","12","C/C","S","4140   Glencoe AVE #408","MARINA DEL REY","2","3.00 (2 0 1 0)","1,502","$838.22","$1,259,000","$1,259,000","$523.00","39,473","2016","8"
"","29","SR22177521CN","12","C/C","S","4339   Alla RD #2","MARINA DEL REY","3","3.00 (1 2 0 0)","1,547","$901.75","$1,395,000","$1,385,000","$615.00","389,862","1975","18"
"","1","SR23029843CN","12","C/C","S","13220   Admiral AVE #F","MARINA DEL REY","3","3.00 (2 0 1 0)","1,932","$722.05","$1,395,000","$1,395,000","$475.00","85,813","1967","0"
"","20","SR23056512CN","12","C/C","S","13326   Beach AVE #203","MARINA DEL REY","2","2.00 (2 0 0 0)","1,250","$879.92","$1,099,900","$1,099,900","$535.00","13,280","2007","8"
"","24","SR23060553CN","12","C/C","S","4357   Alla RD #3","MARINA DEL REY","2","3.00 (1 1 1 0)","1,575","$822.22","$1,295,000","$1,295,000","$653.00","389,862","1975","8"
"","15","TR22026549MR","12","C/C","S","13700   Marina Pointe DR #1426","MARINA DEL REY","1","1.00 (1 0 0 0)","749","$1,000","$749,000","$700,000","$1,000.00","124,670","2003","159"
