"Open Houses","Photo","MLS","AR","S","Address","City","BR","Baths(FTHQ)","SqFt","Lot Sz","YB","LP","SP","Lease Terms","Furnished","DOM"
"","15","25523937","12","LD","27   Eastwind St #6","Marina Del Rey","0","1.00 (1 0 0 0)","225","2,893","1921","$1,695","$1,695","12 Months","Unfurnished","95"
"","14","25539951","12","LD","122   Buccaneer St #2","Marina Del Rey","0","1.00 (1 0 0 0)","500","2,698","1972","$1,850","$1,850","1+Year,12 Months,24 Months","Unfurnished","10"
"","15","24-349953","12","LD","122   Buccaneer St #2","Marina Del Rey","0","1.00 (1 0 0 0)","500","2,698","1972","$1,900","$1,850","1+Year","Unfurnished","145"
"","11","SB25099404MR","12","LD","3112   Washington BLVD ","MARINA DEL REY","1","1.00 (1 0 0 0)","430","3,430","1950","$2,000","$2,000","1-Year","Unfurnished","28"
"","7","25522073","12","LD","24   Lighthouse  #c","Marina Del Rey","0","1.00 (0 1 0 0)","400","4,500","","$2,300","$2,300","1+Year","Unfurnished","55"
"","19","24-434003","12","LD","4247  S Centinela Ave #1/2","Los Angeles","1","1.00 (1 0 0 0)","540","5,002","1952","$2,300","$2,300","1+Year","Unfurnished","28"
"","30","25541335","12","LD","5411  S Centinela Ave #4","Los Angeles","2","2.00 (2 0 0 0)","850","4,957","1959","$2,395","$2,395","1+Year","Unfurnished","59"
"","55","25-488873","12","LD","4316   Marina City Dr #202G","Marina Del Rey","0","1.00 (1 0 0 0)","","422","","$2,400","$2,300","1+Year","Both","14"
"","35","24-448445","12","LD","4316   Marina City DR #204G","MARINA DEL REY","0","1.00 (1 0 0 0)","470","470","1972","$2,400","$2,400","1+Year","Unfurnished","36"
"","34","25-477321","12","LD","4316   Marina City DR #105G","MARINA DEL REY","0","1.00 (1 0 0 0)","470","470","1972","$2,400","$2,400","1+Year","Unfurnished","26"
"","21","25547709","12","LD","732   Washington Blvd ","Marina Del Rey","1","1.00 (0 1 0 0)","500","2,500","1955","$2,450","$2,450","1+Year,1-Year,6 Months","Unfurnished","62"
"","16","25-482915","12","LD","12419   Walsh Ave ","Los Angeles","1","1.00 (1 0 0 0)","600","5,050","1954","$2,495","$2,495","1+Year","Unfurnished","37"
"","13","24-378949","12","LD","20   Eastwind ST #1","VENICE","0","1.00 (1 0 0 0)","","3,151","1965","$2,500","$2,500","1+Year","Unfurnished","74"
"","17","25509537","12","LD","21   Topsail St #1","Marina Del Rey","0","1.00 (1 0 0 0)","","3,090","1965","$2,544","$2,775","1+Year","Unfurnished","19"
"","2","25550383","12","LD","3100   YALE AVE ","VENICE","0","1.00 (1 0 0 0)","","4,017","1928","$2,595","$2,595","1+Year","Unfurnished","25"
"","11","PW24199639MR","12","LD","11935  W Louise AVE ","LOS ANGELES","1","1.00 (1 0 0 0)","550","1,235","2022","$2,600","$2,600","","Unfurnished","7"
"","18","24-391855","12","LD","12028   Culver Blvd #1/2","Los Angeles","1","1.00 (1 0 0 0)","600","500","1953","$2,600","$2,600","1+Year","Unfurnished","28"
"","28","25538304","12","LD","4060   Glencoe Ave #125","Marina Del Rey","1","1.00 (1 0 0 0)","715","59,478","2004","$2,750","$2,750","1+Year,1-Year,12 Months","Unfurnished","27"
"","20","24-436821","12","LD","12326   Greene Ave #1/2","Los Angeles","1","1.00 (1 0 0 0)","801","6,562","1950","$2,800","$2,600","1+Year","Unfurnished","20"
"","17","24-460557","12","LD","117   Galleon St #C","Marina Del Rey","0","1.00 (1 0 0 0)","500","2,705","1988","$2,850","$2,850","Negotiable,Season,Short Term Lease,6 Months,Other,1+Year,1-Year","Furnished","43"
"","14","25533289","12","LD","12512   RUBENS AVE ","LOS ANGELES","1","1.00 (1 0 0 0)","","5,000","2022","$2,850","$2,850","1+Year","Unfurnished","54"
"","11","24-452827","12","LD","4333   Westlawn Ave #REAR","Los Angeles","1","1.00 (1 0 0 0)","790","6,647","2017","$2,980","$2,980","1-Year","Unfurnished","46"
"","16","25-478369","12","LD","5000  S Centinela Ave #129","Los Angeles","2","2.00 (2 0 0 0)","1,076","142,828","1970","$2,995","$2,995","1+Year","Unfurnished","161"
"","18","25-480569","12","LD","4227  S Centinela Ave ","Los Angeles","1","1.00 (1 0 0 0)","477","2,500","1952","$3,000","$2,800","None","Unfurnished","46"
"","18","24-402623","12","LD","4227  S Centinela Ave ","Los Angeles","1","1.00 (1 0 0 0)","477","2,500","1952","$3,000","$3,000","None","Unfurnished","7"
"","19","25505795","12","LD","23 1/2  Buccaneer St ","Marina Del Rey","1","1.00 (1 0 0 0)","450","3,081","1978","$3,000","$3,000","1+Year","Unfurnished","59"
"","14","25498995","12","LD","5113   Ocean Front Walk #3","Marina Del Rey","0","1.00 (1 0 0 0)","400","5,039","1992","$3,000","$3,000","1+Year","Unfurnished","9"
"","22","25511513","12","LD","21   Jib St #5","Marina Del Rey","2","1.00 (1 0 0 0)","","3,606","1906","$3,025","$3,025","1+Year","Unfurnished","78"
"","23","24-473559","12","LD","120   Fleet St #C","Marina Del Rey","0","1.00 (1 0 0 0)","","2,706","1998","$3,025","$3,000","1+Year","Furnished","34"
"","15","25531719","12","LD","115   Galleon St #C","Marina Del Rey","0","1.00 (1 0 0 0)","540","2,706","1988","$3,050","$3,050","1+Year","Furnished","24"
"","2","25496153","12","LD","11734   Avon Way #105","Los Angeles","2","2.00 (2 0 0 0)","900","6,702","1988","$3,095","$3,095","1-Year","Unfurnished","77"
"","29","24-452187","12","LD","4060   GLENCOE AVE #325","MARINA DEL REY","1","1.00 (1 0 0 0)","715","59,341","2004","$3,100","$3,100","1+Year,1-Year","Unfurnished","80"
"","23","24-419725","12","LD","4055  S REDWOOD AVE #215","MARINA DEL REY","1","1.00 (1 0 0 0)","915","70,343","2006","$3,115","$3,115","1+Year","Unfurnished","0"
"","24","24-352593","12","LD","4044   Redwood Ave #302","Los Angeles","1","1.00 (1 0 0 0)","652","13,379","2015","$3,158","$3,445","1+Year","Unfurnished","151"
"","9","24-363115","12","LD","750   Washington Blvd #B","Venice","1","1.00 (1 0 0 0)","570","2,500","1953","$3,250","$3,450","Negotiable","Furnished","84"
"","24","24-425007","12","LD","4044   Redwood Ave #402","Los Angeles","1","1.00 (1 0 0 0)","652","13,379","2015","$3,275","$3,275","1+Year","Unfurnished","31"
"","16","24-469917","12","LD","14   Jib St #5","Marina Del Rey","1","1.00 (1 0 0 0)","900","3,151","1972","$3,300","$3,300","1+Year","Unfurnished","19"
"","25","23-341710","12","LD","5000  S Centinela Ave #126","Los Angeles","2","2.00 (2 0 0 0)","1,076","142,789","1970","$3,300","$3,200","1+Year","Unfurnished","99"
"","1","25564151","12","LD","4050   Glencoe Ave #423","Marina Del Rey","1","2.00 (1 0 1 0)","890","59,240","2007","$3,300","$3,300","1+Year","Unfurnished","7"
"","24","24-436810","12","LD","12328   Greene Ave ","Los Angeles","2","1.00 (1 0 0 0)","832","6,562","1950","$3,350","$3,350","1+Year","Unfurnished","20"
"","21","25-482265","12","LD","4050   Glencoe Ave #309","Marina Del Rey","1","2.00 (1 0 1 0)","890","59,240","2007","$3,400","$3,400","1+Year","Unfurnished","14"
"","17","24-365221","12","LD","27   Anchorage St ","Marina Del Rey","1","1.00 (1 0 0 0)","","7,253","","$3,495","$3,495","1-Year","Unfurnished","34"
"","26","24-414533","12","LD","4215   Glencoe Ave #206","Marina Del Rey","1","1.00 (1 0 0 0)","965","79,638","2008","$3,500","$3,300","1+Year","Unfurnished","21"
"","1","25-486009","12","LD","4140   Glencoe Ave #315","Marina Del Rey","1","1.00 (1 0 0 0)","760","39,485","2016","$3,600","$3,600","1+Year","Unfurnished","37"
"","21","24-472785","12","LD","4350   Berryman Ave #10","Los Angeles","2","2.00 (2 0 0 0)","905","14,504","1976","$3,649","$3,649","1+Year","Unfurnished","29"
"","1","25542725","12","LD","4365   Mclaughlin Ave #28","Los Angeles","2","2.00 (2 0 0 0)","1,380","54,064","1980","$3,650","$3,650","1+Year","Unfurnished","122"
"","40","24-448179","12","LD","13700   MARINA POINTE DR #427","MARINA DEL REY","1","1.00 (1 0 0 0)","854","124,670","2003","$3,695","$3,695","1+Year","Unfurnished","13"
"","23","24-385169","12","LD","3933   Esplanade  #1","Marina Del Rey","1","1.00 (1 0 0 0)","900","4,036","1967","$3,700","$3,700","1+Year","Unfurnished","39"
"","29","25-477695","12","LD","4265   Marina City DR #707","MARINA DEL REY","1","1.00 (1 0 0 0)","935","935","1972","$3,750","$3,750","1+Year","Unfurnished","72"
"","28","SR24210342MR","12","LD","110   Driftwood  #2","MARINA DEL REY","1","1.00 (1 0 0 0)","600","2,836","1953","$3,775","$3,775","","Unfurnished","22"
"","16","25546977","12","LD","12492   Gilmore Ave #4","Los Angeles","3","2.00 (2 0 0 0)","1,350","4,800","1963","$3,795","$3,850","1-Year,1+Year,Negotiable","Unfurnished","57"
"","54","24-460547","12","LD","13700   Marina Pointe Dr #422","Marina Del Rey","1","1.00 (1 0 0 0)","859","124,662","2003","$3,795","$3,795","1+Year","Unfurnished","27"
"","76","24-466847","12","LD","4337   Marina City Dr #643","Marina Del Rey","1","1.00 (0 1 0 0)","","1,050","","$3,800","$3,750","1+Year","Unfurnished","64"
"","15","24-454289","12","LD","4060   Glencoe Ave #312","Marina Del Rey","2","2.00 (2 0 0 0)","1,000","59,478","2004","$3,800","$3,800","1+Year","Unfurnished","145"
"","40","24-421849","12","LD","4115   Glencoe Ave #311","Marina Del Rey","1","2.00 (2 0 0 0)","1,280","39,570","2006","$3,800","$3,800","1+Year,1-Year","Unfurnished","7"
"","39","24-428307","12","LD","4316   Marina City DR #721","MARINA DEL REY","1","1.00 (0 1 0 0)","935","935","1972","$3,800","$3,800","1+Year","Unfurnished","6"
"","39","25512485","12","LD","4337   Marina City DR #647","MARINA DEL REY","1","1.00 (0 1 0 0)","935","935","1972","$3,800","$3,800","1+Year","Unfurnished","31"
"","40","24-468241","12","LD","13700   Marina Pointe Dr #807","Marina Del Rey","1","1.00 (1 0 0 0)","996","124,611","2003","$3,850","$3,750","1+Year","Unfurnished","24"
"","22","25493723","12","LD","4322   Berryman Ave #8","Los Angeles","3","2.00 (2 0 0 0)","1,800","10,445","1951","$3,865","$3,865","24 Months,Negotiable","Unfurnished","24"
"","1","24-394671","12","LD","13337   Beach Ave #107","Marina Del Rey","2","2.00 (2 0 0 0)","1,095","13,761","2013","$3,900","$3,900","1+Year","Unfurnished","54"
"","26","24-346846","12","LD","4044   Redwood Ave #301","Los Angeles","2","2.00 (2 0 0 0)","888","12,679","2015","$3,925","$4,095","1+Year","Unfurnished","100"
"","38","24-426149","12","LD","306   Bora Bora Way #212","Marina Del Rey","1","2.00 (2 0 0 0)","","100,437","1978","$3,950","$3,950","Other,Negotiable,6 Months,Short Term Lease","Furnished","27"
"","23","25549293","12","LD","13700   MARINA POINTE DR #614","MARINA DEL REY","1","1.00 (1 0 0 0)","946","124,611","2003","$3,950","$3,950","1+Year","Unfurnished","8"
"","38","25521833","12","LD","13700   MARINA POINTE DR #527","MARINA DEL REY","1","1.00 (1 0 0 0)","854","124,611","2003","$3,950","$3,950","1+Year","Unfurnished","16"
"","8","25551959","12","LD","4148   S Chase Ave ","Los Angeles","1","1.00 (1 0 0 0)","787","6,644","2024","$3,968","$3,000","6 Months,Negotiable","Furnished","36"
"","29","SR24210336MR","12","LD","110   Driftwood  #1","MARINA DEL REY","1","1.00 (1 0 0 0)","600","2,836","1953","$3,975","$3,975","","Unfurnished","12"
"","1","24-394665","12","LD","13700   Marina Pointe Dr #1026","Marina Del Rey","1","1.00 (1 0 0 0)","811","124,662","2003","$3,995","$3,995","1+Year","Unfurnished","21"
"","1","25535511","12","LD","5005   Pacific Ave #3","MARINA DEL REY","2","2.00 (1 0 1 0)","1,200","2,624","1965","$3,999","$3,999","1+Year","Unfurnished","7"
"","47","25523463","12","LD","3906   Pacific Ave #2","Marina Del Rey","1","1.00 (1 0 0 0)","1,000","4,692","1966","$4,000","$4,000","1+Year,1-Year,12 Months,Negotiable","Furnished","20"
"","21","25505075","12","LD","100   Driftwood St #6","Marina Del Rey","2","2.00 (2 0 0 0)","899","8,683","1969","$4,000","$4,100","1+Year","Unfurnished","5"
"","40","24-392647","12","LD","4115   Glencoe Ave #311","Marina Del Rey","2","2.00 (2 0 0 0)","1,280","39,570","2006","$4,000","$4,000","1+Year,1-Year","Unfurnished","2"
"","53","24-409781","12","LD","4314   Marina City Dr #826","Marina Del Rey","1","1.00 (1 0 0 0)","","1,050","","$4,000","$4,000","1+Year","Unfurnished","80"
"","25","24-439393","12","LD","4137   Sunnyside Ave ","Los Angeles","2","1.00 (1 0 0 0)","1,110","3,732","1950","$4,000","$4,300","Negotiable","Unfurnished","11"
"","17","24-429093","12","LD","4211   Redwood Ave #303","Los Angeles","2","2.00 (2 0 0 0)","1,120","38,497","2010","$4,000","$4,000","1+Year","Unfurnished","48"
"","16","24-433931","12","LD","4215   Glencoe Ave #210","Marina Del Rey","2","2.00 (2 0 0 0)","1,260","79,638","2008","$4,000","$4,000","1+Year","Unfurnished","14"
"","39","25-480403","12","LD","4267   Marina City DR #708","MARINA DEL REY","1","1.00 (1 0 0 0)","1,050","1,050","1972","$4,000","$4,000","1+Year","Unfurnished","3"
"","61","24-474689","12","LD","4335   Marina City Drive Dr #738","Marina Del Rey","1","1.00 (1 0 0 0)","","1,050","","$4,000","$4,000","1+Year","Unfurnished","11"
"","8","25509953","12","LD","13900   Panay Way #SR219","Marina Del Rey","1","1.00 (1 0 0 0)","1,000","0","","$4,030","$4,030","1+Year","Unfurnished","0"
"","38","24-408245","12","LD","4365   MCLAUGHLIN AVE #14","LOS ANGELES","2","3.00 (3 0 0 0)","1,403","54,049","1980","$4,050","$4,100","1-Year","Unfurnished","73"
"","1","24-391175","12","LD","13700   Marina Pointe Dr #1627","Marina Del Rey","1","1.00 (1 0 0 0)","854","124,611","2003","$4,100","$4,100","1+Year","Unfurnished","0"
"","38","24-467997","12","LD","4365   MCLAUGHLIN AVE #14","LOS ANGELES","2","3.00 (3 0 0 0)","1,403","54,049","1980","$4,100","$4,100","1-Year,6 Months","Unfurnished","43"
"","30","25505183","12","LD","4141   Glencoe Ave #305","Marina Del Rey","1","1.00 (1 0 0 0)","1,070","0","2008","$4,100","$4,100","1+Year","Unfurnished","16"
"","28","25496527","12","LD","4141   Glencoe Ave #209","Marina Del Rey","1","1.00 (1 0 0 0)","1,070","39,391","2008","$4,100","$4,100","24 Months,1+Year","Unfurnished","13"
"","21","25524243","12","LD","4050   Glencoe AVE #215","MARINA DEL REY","2","2.00 (2 0 0 0)","1,220","59,344","2007","$4,100","$4,100","1+Year","Unfurnished","26"
"","8","25543887","12","LD","13900   Panay Way #SR-103","Marina Del Rey","1","1.00 (1 0 0 0)","1,000","0","","$4,120","$4,120","1+Year","Unfurnished","0"
"","25","24-461407","12","LD","4140   Glencoe Ave #304","Marina Del Rey","2","2.00 (2 0 0 0)","1,078","39,485","2016","$4,150","$4,000","1+Year","Unfurnished","20"
"","56","25509437","12","LD","13700   Marina Pointe Dr #626","Marina Del Rey","1","1.00 (1 0 0 0)","811","124,670","2003","$4,175","$4,075","1+Year","Unfurnished","11"
"","1","25552847","12","LD","13700   Marina Pointe Dr #1627","Marina Del Rey","1","1.00 (1 0 0 0)","854","124,611","2003","$4,195","$4,195","1+Year","Unfurnished","10"
"","1","25564131","12","LD","13700   Marina Pointe Dr #327","Marina Del Rey","1","1.00 (1 0 0 0)","854","124,670","2003","$4,195","$4,000","1+Year","Furnished","19"
"","38","25495049","12","LD","4080   GLENCOE AVE #203","MARINA DEL REY","2","2.00 (2 0 0 0)","1,260","11,526","2011","$4,200","$4,200","1+Year","Unfurnished","78"
"","52","25519817","12","LD","13700   Marina Pointe Dr #1026","Marina Del Rey","1","1.00 (1 0 0 0)","811","124,662","2003","$4,200","$4,200","1+Year","Unfurnished","33"
"","29","24-465543","12","LD","23   Buccaneer St ","Marina Del Rey","1","1.00 (1 0 0 0)","868","3,081","1978","$4,200","$4,200","12 Months","Unfurnished","60"
"","38","24-439617","12","LD","4211   Redwood Ave #305","Los Angeles","2","2.00 (2 0 0 0)","1,140","38,507","2010","$4,200","$4,000","1+Year","Unfurnished","20"
"","42","24-428317","12","LD","4267   Marina City DR #908","MARINA DEL REY","1","1.00 (1 0 0 0)","935","935","1972","$4,200","$4,200","1+Year","Both","10"
"","32","24-391829","12","LD","13700   MARINA POINTE DR #309","MARINA DEL REY","1","2.00 (1 0 1 0)","996","0","2003","$4,200","$4,200","1+Year","Unfurnished","60"
"","38","24-410073","12","LD","13700   Marina Pointe Dr #317","Marina Del Rey","1","1.00 (1 0 0 0)","992","124,611","2003","$4,200","$4,200","1+Year","Unfurnished","10"
"","21","24-415613","12","LD","4215   Glencoe Ave #310","Marina Del Rey","2","2.00 (2 0 0 0)","1,260","79,638","2008","$4,200","$4,200","1+Year","Unfurnished","15"
"","24","23-341701","12","LD","122   Buccaneer St #1","Marina Del Rey","2","2.00 (2 0 0 0)","1,150","2,698","1972","$4,200","$4,200","1+Year","Unfurnished","103"
"","26","25525713","12","LD","4064   Redwood Ave ","Los Angeles","2","2.00 (2 0 0 0)","1,000","7,447","","$4,295","$4,295","1-Year","Unfurnished","44"
"","1","25540643","12","LD","13700   MARINA POINTE DR #1109","MARINA DEL REY","1","2.00 (1 0 1 0)","996","124,670","2003","$4,295","$4,400","1+Year","Unfurnished","29"
"","1","25523239","12","LD","4140   Glencoe Ave #202","Marina Del Rey","2","2.00 (2 0 0 0)","1,000","39,485","2016","$4,300","$4,180","1+Year","Unfurnished","105"
"","13","24-365971","12","LD","4250   Via Dolce  #219","Marina Del Rey","2","2.00 (2 0 0 0)","1,532","191,326","1974","$4,300","$4,200","1-Year","Unfurnished","46"
"","58","24-428203","12","LD","13700   MARINA POINTE DR #719","MARINA DEL REY","1","2.00 (1 0 1 0)","959","124,670","2003","$4,300","$4,200","1+Year","Unfurnished","19"
"","27","24-449847","12","LD","4044   Redwood Ave #206","Los Angeles","1","2.00 (2 0 0 0)","1,200","13,379","2015","$4,300","$4,300","1+Year","Unfurnished","3"
"","8","25531575","12","LD","13900   Panay Way #R-312","Marina Del Rey","1","1.00 (1 0 0 0)","1,000","0","","$4,345","$4,345","1+Year","Unfurnished","0"
"","39","24-461627","12","LD","13700   MARINA POINTE DR #721","MARINA DEL REY","1","1.00 (1 0 0 0)","859","124,611","2003","$4,350","$4,300","1+Year","Unfurnished","67"
"","7","25-487337","12","LD","4316   Marina City Dr  #301G","Marina Del Rey","1","1.00 (1 0 0 0)","709","0","","$4,395","$4,395","1+Year,Month-to-Month,Season,Other,Negotiable","Both","0"
"","46","25546035","12","LD","13700   Marina Pointe Dr #1527","Marina Del Rey","1","1.00 (1 0 0 0)","854","124,670","2003","$4,400","$4,000","1+Year","Unfurnished","40"
"","22","24-452223","12","LD","4737   La Villa Marina  #B","Marina Del Rey","2","3.00 (1 1 1 0)","1,582","85,260","1966","$4,400","$4,400","1-Year","Unfurnished","40"
"","1","24-432539","12","LD","4050   Glencoe Ave #210","Marina Del Rey","3","2.00 (2 0 0 0)","1,380","59,223","2007","$4,400","$4,250","1+Year","Unfurnished","141"
"","23","25510623","12","LD","4055  S REDWOOD AVE #309","MARINA DEL REY","2","2.00 (1 1 0 0)","1,282","70,343","2006","$4,416","$4,416","1+Year","Unfurnished","0"
"","1","24-421657","12","LD","306   Bora Bora Way #106","Marina Del Rey","2","2.00 (2 0 0 0)","1,420","100,552","1978","$4,450","$4,450","1+Year,1-Year","Unfurnished","139"
"","54","24-404137","12","LD","13700   Marina Pointe Dr #627","Marina Del Rey","1","1.00 (1 0 0 0)","854","124,705","2003","$4,495","$4,495","1+Year","Unfurnished","65"
"","23","24-395021","12","LD","13337   BEACH AVE #411","Marina Del Rey","3","2.00 (2 0 0 0)","1,474","11,252","2013","$4,495","$4,495","1+Year","Unfurnished","16"
"","56","24-401073","12","LD","13700   Marina Pointe Dr #1519","MARINA DEL REY","1","2.00 (1 0 1 0)","959","124,611","2003","$4,495","$4,800","1+Year","Unfurnished","131"
"","62","24-382899","12","LD","13700   MARINA POINTE DR #1109","MARINA DEL REY","1","2.00 (1 0 1 0)","996","124,670","2003","$4,495","$4,695","1+Year","Unfurnished","16"
"","22","24-460823","12","LD","35   Catamaran St #2","Marina Del Rey","2","2.00 (2 0 0 0)","1,114","3,064","1968","$4,495","$4,495","1+Year","Unfurnished","8"
"","58","25536789","12","LD","13700   Marina Pointe Dr #1609","Marina Del Rey","1","2.00 (1 0 1 0)","996","124,611","2003","$4,495","$4,300","1+Year","Unfurnished","33"
"","54","25521131","12","LD","13700   Marina Pointe Dr #627","Marina Del Rey","1","1.00 (1 0 0 0)","854","124,705","2003","$4,495","$4,295","1+Year","Unfurnished","70"
"","16","OC24246956MR","12","LD","13337   Beach AVE #310","MARINA DEL REY","3","2.00 (2 0 0 0)","1,556","0","2013","$4,495","$4,495","1-Year","Unfurnished","129"
"","41","IV25130479MR","12","LD","4215   Glencoe AVE #129","MARINA DEL REY","1","2.00 (2 0 0 0)","1,220","79,638","2008","$4,500","$3,500","1-Year,Negotiable","Furnished","8"
"","32","25520231","12","LD","13700   MARINA POINTE DR #1206","MARINA DEL REY","1","1.00 (1 0 0 0)","891","0","2003","$4,500","$4,350","1+Year","Unfurnished","72"
"","66","25516311","12","LD","4337   Marina City  #1147","Marina Del Rey","1","1.00 (0 1 0 0)","","1,050","","$4,500","$4,500","1+Year","Furnished","5"
"","22","25510931","12","LD","4080   Glencoe Ave #310","Marina Del Rey","2","2.00 (2 0 0 0)","1,260","11,334","2011","$4,500","$4,500","1+Year","Unfurnished","11"
"","17","25495691","12","LD","4764   La Villa Marina  #B","Marina Del Rey","2","3.00 (1 1 1 0)","1,823","66,563","1967","$4,500","$4,500","1+Year,1-Year","Furnished","66"
"","19","24-468711","12","LD","13350   Maxella Ave #3","Marina Del Rey","2","2.00 (2 0 0 0)","1,057","552,201","1974","$4,500","$4,500","1+Year","Unfurnished","89"
"","19","24-450003","12","LD","13322   MAXELLA AVE #7","MARINA DEL REY","2","2.00 (1 1 0 0)","1,057","552,170","1974","$4,500","$4,500","1-Year","Unfurnished","7"
"","17","24-396459","12","LD","20   Catamaran St #104","Marina Del Rey","1","1.00 (1 0 0 0)","808","8,741","1985","$4,500","$4,500","1+Year,Negotiable,6 Months","Both","82"
"","1","24-395613","12","LD","4782   La Villa Marina  #A","Marina Del Rey","2","3.00 (2 0 1 0)","1,582","66,582","1968","$4,500","$4,400","1+Year","Unfurnished","5"
"","23","24-447933","12","LD","4055  S REDWOOD AVE #111","MARINA DEL REY","2","2.00 (1 1 0 0)","1,282","70,343","2006","$4,525","$4,525","1+Year","Unfurnished","0"
"","5","24-429223","12","LD","4758   La Villa Marina  #B","Marina Del Rey","2","3.00 (2 0 1 0)","1,582","66,581","1967","$4,550","$4,550","1+Year","Unfurnished","10"
"","30","24-413843","12","LD","4720   LA VILLA MARINA  #J","MARINA DEL REY","2","3.00 (1 1 1 0)","1,582","66,564","1966","$4,550","$4,300","1-Year","Unfurnished","40"
"","12","25513231","12","LD","11800   Courtleigh Dr #206","Los Angeles","2","2.00 (2 0 0 0)","1,350","14,868","2023","$4,550","$4,550","1+Year","Unfurnished","49"
"","57","24-352041","12","LD","13700   Marina Pointe Dr #1409","MARINA DEL REY","1","2.00 (1 0 1 0)","996","124,611","2003","$4,595","$4,595","1+Year","Unfurnished","74"
"","57","24-406377","12","LD","13700   Marina Pointe Dr #406","Marina Del Rey","1","1.00 (1 0 0 0)","891","124,670","2003","$4,600","$4,600","1+Year","Furnished","102"
"","29","24-442141","12","LD","30   Driftwood St #2","Marina Del Rey","2","2.00 (2 0 0 0)","1,152","6,953","1973","$4,600","$4,300","1+Year","Unfurnished","37"
"","17","24-377187","12","LD","4764   La Villa Marina  #B","Marina Del Rey","2","3.00 (1 1 1 0)","1,823","66,563","1967","$4,650","$5,000","1+Year,1-Year","Furnished","42"
"","59","25528465","12","LD","13700   Marina Pointe Dr #1606","Marina Del Rey","1","1.00 (1 0 0 0)","891","124,670","2003","$4,675","$4,700","1+Year","Unfurnished","16"
"","21","25546323","12","LD","306   Bora Bora Way #106","Marina Del Rey","2","2.00 (2 0 0 0)","1,420","100,552","1978","$4,700","$4,700","1+Year","Unfurnished","6"
"","42","25545749","12","LD","13700   Marina Pointe Dr #720","Marina Del Rey","1","2.00 (1 0 1 0)","993","124,705","2003","$4,700","$4,700","1+Year","Unfurnished","28"
"","1","OC24224959MR","12","LD","840   Dickson ST ","MARINA DEL REY","2","1.00 (1 0 0 0)","950","2,793","1954","$4,700","$4,700","","Unfurnished","31"
"","13","SB24165288MR","12","LD","4161   Michael AVE ","LOS ANGELES","2","2.00 (1 0 1 0)","865","5,496","1950","$4,700","$4,700","","Unfurnished","4"
"","20","24-449413","12","LD","306   Bora Bora Way #110","Marina Del Rey","2","2.00 (2 0 0 0)","1,452","100,437","1978","$4,700","$4,250","1+Year","Unfurnished","54"
"","41","24-449809","12","LD","4265   Marina City DR #909","MARINA DEL REY","2","2.00 (1 1 0 0)","1,422","1,422","1972","$4,700","$4,500","1+Year","Unfurnished","12"
"","49","24-423199","12","LD","4141   Glencoe Ave #211","Marina Del Rey","2","2.00 (2 0 0 0)","1,220","39,391","2008","$4,700","$4,700","1-Year","Unfurnished","12"
"","17","25-479627","12","LD","13326   Beach Ave #202","Marina Del Rey","1","2.00 (2 0 0 0)","1,280","13,284","2007","$4,700","$4,700","1+Year","Unfurnished","46"
"","28","SR24114909MR","12","LD","4050   Glencoe AVE #403","MARINA DEL REY","2","2.00 (2 0 0 0)","1,390","59,240","2007","$4,750","$4,500","","Unfurnished","9"
"","35","81954358ML","12","LD","11386   Tenino AVE ","Los Angeles","3","1.00 (1 0 0 0)","1,142","5,645","1947","$4,750","$5,700","Deposit Required","","92"
"","51","25514973","12","LD","13700   MARINA POINTE DR #1019","MARINA DEL REY","1","2.00 (1 0 1 0)","959","124,670","2003","$4,750","$4,750","Negotiable","Unfurnished","46"
"","30","25530677","12","LD","13337   Beach Ave #207","Marina Del Rey","2","2.00 (2 0 0 0)","1,095","13,761","2013","$4,800","$4,800","1+Year,12 Months,Negotiable,24 Months","Unfurnished","53"
"","45","24-465731","12","LD","13700   MARINA POINTE DR #828","MARINA DEL REY","1","2.00 (1 0 1 0)","1,428","0","2003","$4,800","$4,800","1+Year","Unfurnished","14"
"","36","24-352361","12","LD","13700   Marina Pointe Dr #919","Marina Del Rey","1","2.00 (2 0 0 0)","959","124,670","2003","$4,800","$4,700","1+Year,Negotiable","Unfurnished","83"
"","16","25525353","12","LD","4140   Glencoe Ave #412","Marina Del Rey","2","2.00 (2 0 0 0)","1,178","39,485","2016","$4,830","$4,900","6 Months,Negotiable","Furnished","18"
"","28","25498633","12","LD","4771   La Villa Marina  #M","Marina Del Rey","2","3.00 (2 0 1 0)","1,582","87,578","1968","$4,900","$4,900","1+Year","Unfurnished","5"
"","1","24-373759","12","LD","306   Bora Bora Way #202","Venice","1","2.00 (2 0 0 0)","1,497","100,437","1978","$4,900","$3,950","12 Months,1-Year,6 Months,Negotiable,Other","Furnished","37"
"","1","24-384535","12","LD","13344  W Washington Blvd ","MARINA DEL REY","2","4.00 (2 0 2 0)","1,636","8,001","2013","$4,900","$4,700","1+Year","Unfurnished","49"
"","45","24-459769","12","LD","11370   Nutmeg Ave ","Los Angeles","3","2.00 (2 0 0 0)","1,410","5,630","1939","$4,900","$4,500","1+Year","Unfurnished","32"
"","26","25-476444","12","LD","4725   La Villa Marina  #B","Marina Del Rey","2","3.00 (2 0 1 0)","1,582","73,879","1966","$4,950","$5,000","6 Months","Furnished","149"
"","26","24-376479","12","LD","4314   marina city DR #424","MARINA DEL REY","1","1.00 (1 0 0 0)","1,000","0","","$4,950","$4,500","Month-to-Month,Negotiable,1+Year,1-Year,Short Term Lease","Both","20"
"","38","25515995","12","LD","4200   Via Dolce  #331","Marina Del Rey","1","2.00 (2 0 0 0)","1,546","191,326","1974","$4,950","$4,800","1+Year","Unfurnished","99"
"","3","25550023","12","LD","11800   Courtleigh Dr #406","Los Angeles","2","2.00 (2 0 0 0)","1,350","14,868","2023","$4,950","$4,950","1+Year","Unfurnished","6"
"","22","SB24083700MR","12","LD","4738   La Villa Marina  #H","MARINA DEL REY","3","3.00 (2 0 1 0)","1,932","66,582","1966","$4,950","$4,950","1-Year","Unfurnished","19"
"","20","PW24104131MR","12","LD","12326   Greene AVE #FRONT HOUS","LOS ANGELES","3","2.00 (2 0 0 0)","2,147","6,562","1950","$4,950","$4,950","1-Year","Unfurnished","29"
"","33","SB24034831MR","12","LD","13230   Fiji Way #F","MARINA DEL REY","2","3.00 (2 0 1 0)","1,925","","1969","$4,950","$4,950","1-Year","Unfurnished","42"
"","17","25568837","12","LD","4561   Alla Rd #4","Marina Del Rey","2","2.00 (1 1 0 0)","1,153","196,085","1977","$4,995","$5,000","1+Year","Unfurnished","9"
"","44","24-342873","12","LD","4316   Marina City Dr #619","Marina Del Rey","3","2.00 (1 1 0 0)","","1,870","","$4,995","$4,995","1+Year","Unfurnished","130"
"","61","24-352663","12","LD","4265   Marina City Drive  #415","Marina Del Rey","2","2.00 (2 0 0 0)","1,422","0","","$4,995","$4,900","1+Year","Unfurnished","69"
"","33","24-466543","12","LD","4080   Glencoe Ave #211","Marina Del Rey","2","2.00 (2 0 0 0)","1,410","17,341","2011","$4,999","$4,999","1+Year","Unfurnished","12"
"","36","24-459325","12","LD","13356   Beach Ave ","Marina Del Rey","3","2.00 (2 0 0 0)","1,675","4,606","1927","$5,000","$5,000","1+Year,Negotiable,6 Months","Both","11"
"","20","24-367769","12","LD","13234   Fiji Way #D","Marina Del Rey","3","3.00 (2 0 1 0)","1,932","64,223","1969","$5,000","$5,000","1+Year","Unfurnished","29"
"","33","24-375347","12","LD","4141   Glencoe Ave #201","Marina Del Rey","2","2.00 (1 0 1 0)","1,270","39,393","2008","$5,000","$5,000","12 Months,6 Months,Short Term Lease","Furnished","12"
"","11","24-397513","12","LD","4600   Via Dolce  #319","Marina Del Rey","3","2.00 (2 0 0 0)","1,686","194,654","1979","$5,000","$5,000","24 Months,Renewal Options","Unfurnished","21"
"","23","SB24056899MR","12","LD","4733   La Villa Marina  #A","MARINA DEL REY","3","3.00 (1 1 1 0)","1,763","73,879","1966","$5,000","$5,000","1-Year","Unfurnished","23"
"","25","SB24007095MR","12","LD","4342   Redwood AVE #C-115","MARINA DEL REY","2","2.00 (2 0 0 0)","1,929","259,551","1981","$5,000","$5,000","1-Year","Unfurnished","113"
"","16","SB25053077MR","12","LD","12726   Rubens AVE ","LOS ANGELES","3","1.00 (1 0 0 0)","1,192","5,000","1947","$5,000","$5,000","1-Year","Unfurnished","7"
"","8","25-490281","12","LD","4720   Campbell Dr ","Culver City","2","1.00 (1 0 0 0)","1,100","4,584","1951","$5,000","$4,750","1+Year","Unfurnished","68"
"","27","25541067","12","LD","5100   Via Dolce  #208","Marina Del Rey","2","2.00 (2 0 0 0)","1,492","100,437","1978","$5,100","$5,100","1+Year","Furnished","31"
"","16","25536633","12","LD","12468   Rubens Ave ","Los Angeles","3","2.00 (1 0 1 0)","1,088","5,000","1952","$5,100","$5,100","1+Year","Unfurnished","12"
"","15","81994603ML","12","LD","12751   Pacific AVE #8","Los Angeles","2","2.00 (2 0 1 0)","1,279","14,487","1982","$5,100","$5,100","Deposit Required","","1"
"","15","81998530ML","12","LD","12751   Pacific AVE #8","Los Angeles","2","2.00 (2 0 1 0)","1,279","14,487","1982","$5,100","$5,100","Deposit Required","","7"
"","11","25566689","12","LD","12856   Walsh Ave ","Los Angeles","3","1.00 (1 0 0 0)","1,089","7,204","1951","$5,100","$5,100","1-Year,1+Year","Unfurnished","13"
"","28","25552069","12","LD","11938   Courtleigh Dr #7","Los Angeles","2","2.00 (2 0 0 0)","1,432","7,803","1982","$5,100","$5,000","1+Year","Unfurnished","25"
"","15","24-375603","12","LD","4080   Glencoe Ave #225","Marina Del Rey","2","2.00 (2 0 0 0)","1,310","6,760","2011","$5,190","$5,290","1+Year","Unfurnished","25"
"","1","24-388475","12","LD","4080   Glencoe Ave #112","Marina Del Rey","2","2.00 (2 0 0 0)","1,672","17,336","2011","$5,200","$5,000","1+Year","Unfurnished","10"
"","66","24-458403","12","LD","4267   Marina City  #202","Marina Del Rey","2","2.00 (1 1 0 0)","","1,570","","$5,200","$5,200","1+Year","Unfurnished","70"
"","34","24-426039","12","LD","306   Bora Bora Way #314","Marina Del Rey","2","2.00 (2 0 0 0)","1,502","100,437","1978","$5,200","$5,200","1+Year,1-Year,12 Months,24 Months","Unfurnished","38"
"","38","24-440369","12","LD","5100   Via Dolce  #213","Marina Del Rey","2","2.00 (2 0 0 0)","1,492","100,437","1978","$5,200","$5,200","1+Year","Unfurnished","10"
"","50","24-446789","12","LD","4267   Marina City Dr #102","Marina Del Rey","1","2.00 (1 1 0 0)","1,422","1,422","","$5,200","$5,200","6 Months","Furnished","32"
"","1","25535565","12","LD","4080   Glencoe Ave #112","Marina Del Rey","2","2.00 (2 0 0 0)","1,672","17,336","2011","$5,200","$5,200","1+Year","Unfurnished","21"
"","24","25545743","12","LD","13337   Beach Ave #102","Marina Del Rey","3","3.00 (2 1 0 0)","2,486","13,761","2013","$5,225","$5,225","1+Year","Unfurnished","3"
"","8","25543893","12","LD","13900   Panay Way #SR-210","Marina Del Rey","2","2.00 (1 1 0 0)","1,375","0","","$5,240","$5,240","1+Year","Unfurnished","0"
"","16","25539865","12","LD","11800   Courtleigh Dr #402","Los Angeles","2","2.00 (2 0 0 0)","1,500","14,868","2023","$5,250","$5,250","1+Year","Unfurnished","17"
"","20","25514421","12","LD","4316   Marina City Dr #531","Marina Del Rey","2","2.00 (2 0 0 0)","1,422","0","1972","$5,250","$5,250","1+Year","Unfurnished","15"
"","20","SB25033995MR","12","LD","4025   Michael AVE ","LOS ANGELES","3","3.00 (1 1 1 0)","1,375","5,500","1950","$5,250","$5,350","1-Year","Unfurnished","84"
"","19","24-439541","12","LD","11800   Courtleigh Dr #304","Los Angeles","3","3.00 (3 0 0 0)","1,580","14,868","","$5,250","$5,250","1+Year","Unfurnished","73"
"","32","24-416525","12","LD","4316   Marina City Dr #631","Marina Del Rey","2","2.00 (2 0 0 0)","1,422","0","","$5,250","$5,250","1+Year","Unfurnished","4"
"","13","24-462863","12","LD","13035   Mindanao Way #9","Marina Del Rey","2","3.00 (2 0 1 0)","1,547","390,168","1975","$5,295","$4,995","12 Months","Unfurnished","34"
"","38","25541353","12","LD","306   Bora Bora Way #306","Marina Del Rey","2","2.00 (2 0 0 0)","1,411","100,437","1978","$5,299","$5,299","1+Year,12 Months","Unfurnished","26"
"","51","DW25069385MR","12","LD","4778   La Villa Marina  #A","MARINA DEL REY","2","3.00 (2 0 1 0)","1,582","66,582","1968","$5,300","$5,300","1-Year","Unfurnished","10"
"","36","25-476395","12","LD","13078   Mindanao Way #116","Marina Del Rey","2","2.00 (2 0 0 0)","1,885","538,904","1980","$5,300","$5,300","1+Year","Both","7"
"","20","24-469303","12","LD","116   Driftwood St ","Marina Del Rey","2","2.00 (2 0 0 0)","1,100","2,455","1967","$5,300","$5,100","Negotiable","Unfurnished","59"
"","36","24-422479","12","LD","4080   Glencoe Ave #220","Marina Del Rey","2","2.00 (2 0 0 0)","1,260","11,324","2011","$5,300","$5,100","1+Year,Negotiable","Unfurnished","20"
"","24","24-410879","12","LD","13238   Fiji Way #C","Marina Del Rey","2","3.00 (1 1 1 0)","1,932","64,223","1969","$5,300","$5,300","1+Year","Unfurnished","21"
"","58","24-448322","12","LD","4265   Marina City DR #101","MARINA DEL REY","3","4.00 (2 1 1 0)","1,722","1,722","1972","$5,350","$5,350","1+Year","Unfurnished","108"
"","30","25554263","12","LD","13065   Mindanao Way #6","Marina Del Rey","2","3.00 (1 1 1 0)","1,866","390,168","1975","$5,375","$5,375","1+Year,1-Year,12 Months","Unfurnished","9"
"","24","SB25094182MR","12","LD","13230   Fiji WAY #F","MARINA DEL REY","2","3.00 (2 0 1 0)","1,932","67,071","1969","$5,400","$5,400","1+Year,1-Year","Unfurnished","12"
"","28","24-396003","12","LD","13016   Mindanao Way #3","Marina Del Rey","2","3.00 (2 0 1 0)","1,646","157,960","1976","$5,400","$5,400","1+Year","Unfurnished","16"
"","30","24-382037","12","LD","4305   Redwood Ave #10","Marina Del Rey","3","3.00 (3 0 0 0)","1,585","552,201","1974","$5,400","$5,400","1-Year,Negotiable","Unfurnished","14"
"","58","24-383545","12","LD","4335   Marina City Dr #444","Marina Del Rey","2","2.00 (2 0 0 0)","1,422","0","","$5,495","$5,395","1+Year","Unfurnished","73"
"","26","24-364971","12","LD","13326   Beach Ave #104","Marina Del Rey","2","2.00 (1 1 0 0)","1,540","13,280","2007","$5,495","$5,495","1+Year,1-Year,12 Months","Unfurnished","38"
"","29","24-429725","12","LD","31   Spinnaker St #13","Marina Del Rey","2","2.00 (1 0 1 0)","1,337","17,868","1967","$5,495","$5,495","1+Year,1-Year","Unfurnished","80"
"","28","24-460825","12","LD","35   Catamaran St #4","Marina Del Rey","3","2.00 (2 0 0 0)","1,114","3,064","1968","$5,495","$5,495","1+Year","Unfurnished","17"
"","1","24-458087","12","LD","4055   Beethoven St ","Los Angeles","2","1.00 (1 0 0 0)","950","4,956","","$5,500","$5,500","1+Year","Unfurnished","52"
"","63","24-431443","12","LD","4335   Marina City Dr #1138","Marina Del Rey","1","1.00 (1 0 0 0)","1,050","1,050","","$5,500","$5,500","12 Months","Furnished","168"
"","35","24-438079","12","LD","4771   La Villa Marina  #G","Marina Del Rey","2","2.00 (2 0 0 0)","1,582","87,578","1968","$5,500","$5,400","1+Year","Unfurnished","7"
"","47","24-434049","12","LD","13600   MARINA POINTE DR #415","MARINA DEL REY","2","3.00 (2 0 1 0)","2,295","122,916","1999","$5,500","$5,200","6 Months","Unfurnished","70"
"","36","24-439721","12","LD","4333   Redwood Ave #8","Marina Del Rey","2","3.00 (3 0 0 0)","1,866","552,201","1974","$5,500","$5,500","1+Year,Negotiable","Unfurnished","17"
"","25","24-441909","12","LD","4926 1/2  Mcconnell Ave ","Los Angeles","3","3.00 (2 0 1 0)","1,608","94,919","1972","$5,500","$5,500","12 Months","Unfurnished","55"
"","1","24-450323","12","LD","4739   La Villa Marina  #C","MARINA DEL REY","3","3.00 (2 0 1 0)","1,932","85,119","1966","$5,500","$5,300","1+Year","Unfurnished","20"
"","26","24-445977","12","LD","4333   Alla Rd #4","Marina Del Rey","2","3.00 (1 1 1 0)","1,866","390,168","1975","$5,500","$5,400","1+Year","Unfurnished","94"
"","46","24-454741","12","LD","13700   Marina Pointe Dr #311","Marina Del Rey","2","3.00 (3 0 0 0)","1,384","124,705","2003","$5,500","$5,500","Month-to-Month,Short Term Lease,Season,Negotiable,1-Year,Other","Furnished","16"
"","30","24-378045","12","LD","4723   La Villa Marina  #F","Marina Del Rey","3","3.00 (2 0 1 0)","1,582","73,879","1966","$5,500","$5,500","1+Year","Unfurnished","13"
"","21","24-412347","12","LD","13348  W Washington Blvd ","Culver City","2","4.00 (2 0 2 0)","1,636","8,001","2013","$5,500","$5,000","1-Year","Unfurnished","51"
"","23","SB25050063MR","12","LD","4733   La Villa Marina  #A","MARINA DEL REY","3","3.00 (1 1 1 0)","1,763","73,879","1966","$5,500","$5,500","1-Year","Unfurnished","5"
"","42","SB25139291MR","12","LD","4322   Glencoe AVE #3","MARINA DEL REY","2","3.00 (3 0 0 0)","1,547","552,170","1974","$5,500","$5,500","1-Year","Unfurnished","6"
"","33","GD25063200IT","12","LD","28   Privateer ST ","MARINA DEL REY","2","2.00 (1 1 0 0)","1,030","7,874","1970","$5,500","$5,500","1-Year","Unfurnished","9"
"","23","25545685","12","LD","13214   Fiji Way #D","Marina Del Rey","2","3.00 (2 0 1 0)","1,932","139,339","1969","$5,500","$5,500","1-Year","Unfurnished","46"
"","13","25530103","12","LD","13065   Mindanao Way #11","Marina Del Rey","2","3.00 (2 0 1 0)","1,645","390,168","1975","$5,500","$5,500","1+Year","Unfurnished","15"
"","65","25496703","12","LD","4267   Marina City Dr #1012","Marina Del Rey","1","1.00 (0 1 0 0)","","1,050","","$5,500","$5,500","6 Months","Furnished","7"
"","69","25521325","12","LD","4316   Marina City Dr #619","Marina Del Rey","3","2.00 (1 1 0 0)","","1,870","","$5,600","$5,000","1+Year","Unfurnished","53"
"","26","24-371857","12","LD","3950   VIA DOLCE  #509","MARINA DEL REY","2","3.00 (2 0 1 0)","1,964","191,287","1974","$5,650","$5,650","1-Year","Unfurnished","43"
"","35","24-467405","12","LD","13650   MARINA POINTE DR #806","MARINA DEL REY","2","2.00 (2 0 0 0)","1,533","31,647","2006","$5,650","$5,650","1-Year","Unfurnished","21"
"","18","24-433617","12","LD","13210   Admiral Ave #A","Marina Del Rey","3","3.00 (2 0 1 0)","2,002","83,595","1968","$5,700","$5,700","1+Year","Unfurnished","74"
"","46","24-384179","12","LD","13700   Marina Pointe Dr #530","Marina Del Rey","2","3.00 (3 0 0 0)","1,447","124,705","2003","$5,700","$5,800","1+Year,Negotiable,12 Months,Other","Unfurnished","16"
"","2","24-401515","12","LD","3422   Schooner Ave #6","Marina Del Rey","2","2.00 (2 0 0 0)","1,245","9,863","1969","$5,700","$5,700","1-Year,Other,Short Term Lease,6 Months,Negotiable","Unfurnished","14"
"","26","24-389129","12","LD","4350   Via Dolce  #210","Marina Del Rey","2","2.00 (2 0 0 0)","1,419","191,326","1974","$5,700","$5,700","1+Year,12 Months,6 Months","Unfurnished","37"
"","27","24-404486","12","LD","13650   MARINA POINTE DR #708","MARINA DEL REY","2","2.00 (2 0 0 0)","1,584","31,647","2006","$5,750","$5,750","1+Year,1-Year","Unfurnished","66"
"","29","24-457304","12","LD","13030   MINDANAO WAY #2","MARINA DEL REY","3","3.00 (3 0 0 0)","1,707","130,685","1977","$5,750","$5,700","1+Year,24 Months","Unfurnished","5"
"","8","25543875","12","LD","13900   Panay Way #M-102","Marina Del Rey","2","2.00 (1 1 0 0)","1,375","0","","$5,780","$5,780","1+Year","Unfurnished","0"
"","29","DW24145046MR","12","LD","1046   Princeton DR #206","MARINA DEL REY","3","3.00 (3 0 0 0)","1,776","46,290","2007","$5,790","$5,790","","Unfurnished","84"
"","46","PF24079954PF","12","LD","20   Catamaran ST #202","MARINA DEL REY","2","2.00 (2 0 0 0)","1,130","8,741","1985","$5,795","$5,795","1+Year,1-Year,Negotiable","Unfurnished","32"
"","26","24-371777","12","LD","13700   MARINA POINTE DR #408","MARINA DEL REY","2","3.00 (2 0 1 0)","1,748","124,611","2003","$5,795","$5,650","1+Year","Unfurnished","25"
"","13","24-389337","12","LD","23   Ironsides St ","Marina Del Rey","2","2.00 (2 0 0 0)","1,350","2,884","1969","$5,800","$5,800","1+Year","Unfurnished","42"
"","4","24-392947","12","LD","13310   Maxella Ave #1","Marina Del Rey","2","3.00 (2 0 1 0)","1,866","552,201","1974","$5,800","$5,800","1+Year,12 Months,1-Year","Unfurnished","7"
"","23","25-479871","12","LD","13326   Beach Ave #206","Marina Del Rey","2","2.00 (2 0 0 0)","1,850","13,284","2007","$5,800","$5,800","1+Year","Unfurnished","7"
"","35","24-470521","12","LD","3805   Gran Corso  ","Marina Del Rey","3","3.00 (3 0 0 0)","2,100","4,000","","$5,850","$5,800","1-Year","Unfurnished","119"
"","27","24-415287","12","LD","13650   Marina Pointe Dr #304","Marina Del Rey","2","3.00 (3 0 0 0)","1,679","31,650","2006","$5,850","$5,850","1+Year,1-Year,12 Months,24 Months,6 Months,Negotiable","Both","101"
"","21","24-420137","12","LD","1006   Berkeley Dr ","Marina Del Rey","3","2.00 (2 0 0 0)","1,429","6,004","1958","$5,850","$5,850","1+Year","Unfurnished","14"
"","31","24-395493","12","LD","4778   La Villa Marina  #M","Marina Del Rey","3","3.00 (2 0 1 0)","2,000","66,582","1968","$5,900","$5,700","1+Year","Unfurnished","20"
"","30","25-490151","12","LD","3111   Stanford Ave ","Marina Del Rey","2","2.00 (1 1 0 0)","1,232","4,016","1953","$5,900","$5,900","1-Year","Unfurnished","7"
"","63","25-486955","12","LD","13700   Marina Pointe Dr #1028","Marina Del Rey","1","2.00 (1 0 1 0)","1,428","124,705","2003","$5,900","$5,900","1+Year","Both","9"
"","2","25-482875","12","LD","13326   Beach Ave #105","Marina Del Rey","2","2.00 (2 0 0 0)","1,690","13,284","2007","$5,900","$5,900","Negotiable","Unfurnished","1"
"","58","25515869","12","LD","4335   Marina City Dr #444","Marina Del Rey","2","2.00 (2 0 0 0)","1,422","1,422","","$5,925","$5,925","1+Year","Unfurnished","17"
"","20","OC24065000MR","12","LD","13650   Marina Pointe DR #506","MARINA DEL REY","2","2.00 (2 0 0 0)","1,533","31,659","2006","$5,950","$6,400","","Unfurnished","111"
"","19","24-419411","12","LD","4931   Patrae St ","Los Angeles","4","3.00 (3 0 0 0)","2,042","5,013","1971","$5,950","$5,950","1+Year,12 Months","Unfurnished","2"
"","29","25559407","12","LD","13050   Mindanao Way #3","Marina Del Rey","3","3.00 (2 0 1 0)","1,707","130,721","1977","$5,970","$5,970","1-Year","Unfurnished","28"
"","27","25558163","12","LD","4403   Ocean Front Walk #104","Marina Del Rey","1","1.00 (1 0 0 0)","938","7,448","1971","$5,995","$5,995","1+Year,1-Year,12 Months,24 Months,Negotiable","Unfurnished","40"
"","17","SR25025898MR","12","LD","4600   Via Dolce  #309","MARINA DEL REY","2","2.00 (2 0 0 0)","1,613","194,654","1979","$5,995","$5,995","1-Year","Unfurnished","13"
"","15","25517949","12","LD","4735   La Villa Marina  #H","Marina Del Rey","3","3.00 (2 0 1 0)","1,582","85,260","1966","$5,995","$5,500","1+Year","Unfurnished","6"
"","42","25527525","12","LD","3101   Carter Ave ","Marina Del Rey","3","2.00 (2 0 0 0)","1,036","4,335","1926","$5,995","$6,100","1+Year","Unfurnished","19"
"","1","24-408707","12","LD","13650   Marina Pointe Dr #405","Marina Del Rey","2","2.00 (2 0 0 0)","1,714","31,650","2006","$5,995","$5,995","1+Year","Unfurnished","25"
"","33","24-395193","12","LD","6   Voyage St #102","Marina Del Rey","2","2.00 (2 0 0 0)","943","11,094","1968","$5,995","$5,995","1+Year,24 Months,Negotiable,12 Months,1-Year","Unfurnished","7"
"","37","24-376993","12","LD","13700   Marina Pointe Dr #931","Marina Del Rey","2","3.00 (2 0 1 0)","1,434","124,670","2003","$5,995","$5,995","1+Year","Unfurnished","0"
"","44","24-364731","12","LD","13600   Marina Pointe Dr #1214","Marina Del Rey","2","2.00 (1 0 1 0)","1,720","122,529","1999","$5,995","$5,995","1+Year","Unfurnished","73"
"","52","23-338757","12","LD","13700   Marina Pointe Dr #810","Marina Del Rey","1","2.00 (1 0 1 0)","997","124,670","2003","$5,995","$5,995","1+Year,Short Term Lease,6 Months,Month-to-Month,1-Year,12 Months,Renewal Options,24 Months","Furnished","241"
"","18","24-468197","12","LD","6   Voyage St #105","Marina Del Rey","2","2.00 (2 0 0 0)","678","11,094","1968","$5,995","$5,995","1+Year","Unfurnished","34"
"","18","24-429341","12","LD","6   Voyage St #105","Marina Del Rey","2","2.00 (2 0 0 0)","678","11,094","1968","$5,995","$5,995","1+Year","Unfurnished","22"
"","1","24-447875","12","LD","13700   Marina Pointe Dr #1230","MARINA DEL REY","2","3.00 (2 0 1 0)","1,447","124,662","2003","$5,995","$6,000","1+Year","Unfurnished","72"
"","14","24-457549","12","LD","3111   Via Dolce  #304","Marina Del Rey","2","3.00 (3 0 0 0)","1,830","27,345","2010","$5,999","$5,999","1+Year","Unfurnished","17"
"","16","24-469021","12","LD","4329   Redwood Ave #4","Marina Del Rey","2","3.00 (2 0 1 0)","1,866","552,048","1974","$5,999","$5,999","1-Year","Unfurnished","36"
"","1","25564265","12","LD","4219   Moore St ","Los Angeles","2","1.00 (1 0 0 0)","930","5,282","1938","$5,999","$6,250","1+Year","Unfurnished","6"
"","1","25549459","12","LD","4066   Alla Rd ","Los Angeles","3","3.00 (2 0 1 0)","1,018","2,602","1952","$6,000","$6,000","1-Year","Unfurnished","16"
"","37","25499323","12","LD","13065   Mindanao Way #15","Marina Del Rey","3","3.00 (2 1 0 0)","1,547","390,168","1975","$6,000","$6,000","1-Year","Unfurnished","20"
"","41","25499417","12","LD","4766   La Villa Marina  #B","Marina Del Rey","2","3.00 (2 0 1 0)","1,582","66,581","1967","$6,000","$6,000","1+Year","Furnished","10"
"","14","25-476883","12","LD","18   Union Jack St #101","Marina Del Rey","2","2.00 (2 0 0 0)","1,456","6,077","1974","$6,000","$6,000","1+Year","Unfurnished","11"
"","10","24-459401","12","LD","4403   Ocean Front Walk #104","Marina Del Rey","1","1.00 (1 0 0 0)","938","7,448","1971","$6,000","$6,000","1+Year,1-Year,12 Months,24 Months,Negotiable","Unfurnished","6"
"","15","24-427021","12","LD","18   Union Jack St #202","Marina Del Rey","2","2.00 (2 0 0 0)","1,625","6,077","1974","$6,000","$5,900","1+Year","Unfurnished","26"
"","20","225000304VC","12","LD","4338   Redwood AVE #B313","MARINA DEL REY","2","2.00 (2 0 0 0)","2,253","259,551","1981","$6,000","$6,000","","Unfurnished","9"
"","40","225002264VC","12","LD","12856   Rubens AVE ","LOS ANGELES","4","2.00 (2 0 0 0)","1,400","5,631","1926","$6,000","$6,000","","","28"
"","25","225002431VC","12","LD","4316   Marina City DR #927c","MARINA DEL REY","2","2.00 (2 0 0 0)","1,422","","1972","$6,000","$6,000","","","56"
"","49","24-367043","12","LD","13650   Marina Pointe Dr #404","Marina Del Rey","2","3.00 (2 0 1 0)","1,679","31,650","2006","$6,000","$6,000","1+Year","Unfurnished","54"
"","23","24-386847","12","LD","12581   Sanford St ","Los Angeles","3","2.00 (2 0 0 0)","1,618","5,486","1971","$6,000","$6,000","1-Year","Unfurnished","12"
"","6","24-391107","12","LD","13700   Marina Pointe Dr #1225","MARINA DEL REY","2","3.00 (2 0 1 0)","1,431","124,611","2003","$6,000","$6,000","1+Year","Unfurnished","26"
"","47","24-409807","12","LD","13700   Marina Pointe Dr #625","Marina Del Rey","2","3.00 (2 0 1 0)","1,431","124,662","2003","$6,000","$5,800","1+Year","Furnished","95"
"","63","24-421084","12","LD","4265   Marina City Dr #1117","Marina Del Rey","3","2.00 (1 1 0 0)","","1,870","","$6,000","$6,000","1+Year","Unfurnished","165"
"","31","24-402433","12","LD","30   Driftwood St #9","Marina Del Rey","2","2.00 (2 0 0 0)","1,466","6,953","1973","$6,100","$6,100","1+Year","Unfurnished","31"
"","44","25502045","12","LD","4267  W Marina City Club  #204","Marina Del Rey","2","2.00 (2 0 0 0)","1,422","1,422","1970","$6,150","$6,150","1+Year,1-Year","Unfurnished","13"
"","18","25547529","12","LD","6   Voyage St #105","Marina Del Rey","2","2.00 (2 0 0 0)","678","11,094","1968","$6,195","$6,195","1+Year","Unfurnished","59"
"","43","24-382753","12","LD","123   Galleon St #B","Marina Del Rey","3","2.00 (2 0 0 0)","1,650","2,706","1987","$6,195","$6,195","1+Year","Unfurnished","60"
"","38","24-371349","12","LD","4314   Marina City DR #1018","MARINA DEL REY","2","2.00 (1 1 0 0)","1,422","1,422","1972","$6,200","$6,200","1+Year","Unfurnished","29"
"","1","24-402341","12","LD","4161   Tivoli Ave ","Los Angeles","2","3.00 (3 0 0 0)","1,374","5,000","1946","$6,200","$6,200","1+Year","Unfurnished","12"
"","29","24-401143","12","LD","4435   Grand View Blvd ","Los Angeles","3","4.00 (4 0 0 0)","2,250","6,200","1950","$6,200","$6,700","1+Year","Unfurnished","5"
"","21","25500833","12","LD","3772   Via Dolce  ","Marina Del Rey","2","3.00 (2 0 1 0)","1,714","105,178","1978","$6,200","$6,200","1-Year","Unfurnished","3"
"","30","24-390761","12","LD","12816   Admiral Ave ","Los Angeles","3","3.00 (3 0 0 0)","1,462","5,627","1950","$6,250","$6,000","1+Year","Unfurnished","146"
"","31","24-452903","12","LD","4425   Alla Rd #5","Marina Del Rey","2","3.00 (2 0 1 0)","1,912","157,960","1976","$6,250","$6,000","1+Year","Unfurnished","20"
"","25","24-461595","12","LD","4337   Admiralty Way #137E","Marina Del Rey","2","2.00 (2 0 0 0)","1,422","0","","$6,250","$6,875","1+Year","Unfurnished","68"
"","19","24-398853","12","LD","4   Quarterdeck St #101","Marina Del Rey","2","2.00 (2 0 0 0)","1,167","7,450","1969","$6,295","$6,000","12 Months,Renewal Options","Unfurnished","14"
"","43","25504667","12","LD","4140   Glencoe Ave #602","Marina Del Rey","2","2.00 (2 0 0 0)","1,516","39,485","2016","$6,295","$6,295","1+Year,1-Year","Unfurnished","6"
"","37","24-405039","12","LD","13337   BEACH AVE #108","MARINA DEL REY","3","3.00 (3 0 0 0)","2,486","11,252","2013","$6,300","$6,300","1+Year,1-Year","Unfurnished","14"
"","41","24-468983","12","LD","4335   Marina City DR #840","MARINA DEL REY","2","2.00 (1 1 0 0)","1,422","1,422","1972","$6,300","$6,300","1+Year","Unfurnished","6"
"","49","24-432727","12","LD","12422   Havelock Ave ","Los Angeles","3","2.00 (2 0 0 0)","1,225","4,891","1960","$6,300","$6,300","1+Year","Unfurnished","17"
"","54","24-451005","12","LD","3812   Via Dolce  ","Marina Del Rey","3","3.00 (3 0 0 0)","1,850","105,205","1978","$6,300","$6,350","1+Year","Unfurnished","37"
"","14","25546591","12","LD","12121   Gilmore Ave ","Los Angeles","3","1.00 (1 0 0 0)","1,170","6,661","1951","$6,350","$6,350","1+Year","Unfurnished","5"
"","26","25543255","12","LD","4751   La Villa Marina  #G","Marina Del Rey","2","3.00 (2 0 1 0)","1,833","83,595","1968","$6,350","$6,200","1-Year","Unfurnished","29"
"","22","25551767","12","LD","4146   Chase Ave ","Los Angeles","4","3.00 (3 0 0 0)","2,367","6,644","1924","$6,368","$6,000","1-Year","Furnished","36"
"","1","25515867","12","LD","13320   Beach Ave #107","Marina Del Rey","2","2.00 (2 0 0 0)","1,230","21,011","2006","$6,400","$6,400","1+Year","Both","21"
"","28","25507781","12","LD","3124   STANFORD AVE ","MARINA DEL REY","2","2.00 (2 0 0 0)","1,125","4,016","1947","$6,450","$6,450","1+Year","Unfurnished","49"
"","21","24-468203","12","LD","3119   Via Dolce  #310","Marina Del Rey","3","3.00 (2 0 1 0)","2,000","33,911","2010","$6,495","$6,350","1+Year","Unfurnished","14"
"","1","24-434935","12","LD","4255   Michael Ave ","Los Angeles","3","2.00 (2 0 0 0)","1,442","4,363","1941","$6,499","$6,499","1+Year","Both","46"
"","33","24-380019","12","LD","4738   La Villa Marina  #F","Marina Del Rey","3","3.00 (2 0 1 0)","2,000","66,582","1966","$6,499","$6,500","1+Year","Unfurnished","31"
"","22","24-425515","12","LD","4345   Kenyon Ave ","Los Angeles","3","2.00 (2 0 0 0)","1,500","6,634","1939","$6,500","$6,700","1+Year","Unfurnished","4"
"","54","24-454785","12","LD","13700   Marina Pointe Dr #1525","Marina Del Rey","2","3.00 (2 0 1 0)","1,431","124,670","2003","$6,500","$6,500","Negotiable,1+Year","Unfurnished","74"
"","22","24-458545","12","LD","6   Northstar St #305","Marina Del Rey","2","1.00 (1 0 0 0)","874","18,541","1969","$6,500","$6,500","1+Year,1-Year,12 Months,24 Months,Negotiable","Both","2"
"","20","25510633","12","LD","13700   Marina Pointe Dr #1225","MARINA DEL REY","2","3.00 (2 0 1 0)","1,431","124,611","2003","$6,500","$6,500","1+Year","Unfurnished","26"
"","25","25505751","12","LD","3512   Via Dolce  ","Marina Del Rey","2","3.00 (2 0 1 0)","1,634","105,178","1978","$6,500","$6,500","1+Year","Unfurnished","2"
"","8","25506738","12","LD","12472   Sanford St ","Los Angeles","4","2.00 (2 0 0 0)","1,743","5,372","1969","$6,500","$6,500","1+Year","Unfurnished","38"
"","25","25510847","12","LD","13011   Mindanao Way #9","Marina Del Rey","2","3.00 (1 1 1 0)","1,575","390,168","1975","$6,500","$6,500","1+Year","Unfurnished","60"
"","21","25510885","12","LD","13600   Marina Pointe Dr #303","Marina Del Rey","2","3.00 (3 0 0 0)","1,746","122,529","1999","$6,500","$6,500","1+Year","Unfurnished","47"
"","39","25-481979","12","LD","122   Buccaneer St #3","Marina Del Rey","2","2.00 (2 0 0 0)","1,550","2,698","1972","$6,500","$6,250","1+Year,1-Year,12 Months,24 Months,Negotiable","Unfurnished","16"
"","22","25543449","12","LD","13336   Maxella Ave #3","Marina Del Rey","3","3.00 (1 1 1 0)","1,585","552,201","1974","$6,500","$6,500","1-Year","Unfurnished","16"
"","15","PV25116163MR","12","LD","13232   Fiji WAY #G","MARINA DEL REY","3","3.00 (1 1 1 0)","1,582","67,071","1969","$6,500","$6,500","1-Year,Other","Unfurnished","17"
"","26","25569619","12","LD","13336   Maxella Ave #4","Marina Del Rey","3","3.00 (3 0 0 0)","1,547","552,201","1974","$6,600","$6,600","1+Year","Unfurnished","14"
"","63","25529831","12","LD","13700   Marina Pointe Dr #1232","Marina Del Rey","2","3.00 (2 0 1 0)","1,441","124,705","2003","$6,600","$6,600","1+Year","Unfurnished","32"
"","54","25494021","12","LD","13700   Marina Pointe Dr #1825","Marina Del Rey","2","3.00 (2 0 1 0)","1,441","124,705","2003","$6,600","$6,600","1-Year","Unfurnished","1"
"","61","25513885","12","LD","13700   Marina Pointe Dr #1504","MARINA DEL REY","2","3.00 (2 0 1 0)","1,240","124,611","2003","$6,600","$6,600","1+Year","Unfurnished","0"
"","18","24-400217","12","LD","4931   Patrae St ","Los Angeles","4","3.00 (3 0 0 0)","2,042","5,013","1971","$6,600","$6,500","1+Year,12 Months","Unfurnished","39"
"","37","25570887","12","LD","13337   BEACH AVE #108","MARINA DEL REY","3","3.00 (3 0 0 0)","2,486","11,252","2013","$6,615","$6,615","1+Year,1-Year","Unfurnished","0"
"","1","25548741","12","LD","30   Driftwood St #9","Marina Del Rey","2","2.00 (2 0 0 0)","1,466","6,953","1973","$6,700","$6,700","1+Year","Unfurnished","37"
"","38","24-380869","12","LD","12913   Gilmore Ave ","Los Angeles","3","4.00 (3 0 1 0)","1,750","3,436","1963","$6,700","$6,600","1+Year,1-Year,Negotiable,12 Months,24 Months","Unfurnished","13"
"","35","24-474365","12","LD","4711   La Villa Marina  #H","Marina Del Rey","3","3.00 (2 0 1 0)","1,932","65,854","1966","$6,700","$7,200","1+Year,1-Year","Unfurnished","6"
"","25","25496465","12","LD","4206   Redwood Ave ","Los Angeles","2","1.00 (1 0 0 0)","1,112","4,873","1947","$6,750","$6,550","1+Year","Both","13"
"","34","24-428263","12","LD","33   Reef St #2","Marina Del Rey","2","3.00 (3 0 0 0)","1,631","8,374","1973","$6,800","$6,800","1+Year","Unfurnished","16"
"","33","25543969","12","LD","4267   Marina City Dr #106","Marina Del Rey","2","2.00 (2 0 0 0)","1,422","0","","$6,850","$6,850","1+Year,1-Year,12 Months,24 Months","Furnished","8"
"","22","25509535","12","LD","21   Topsail St #4","Marina Del Rey","3","2.00 (2 0 0 0)","1,485","3,090","1965","$6,897","$6,897","1+Year","Unfurnished","8"
"","1","24-453349","12","LD","13320   Beach Ave #403","Marina Del Rey","2","2.00 (2 0 0 0)","1,680","21,017","2006","$6,900","$6,900","1+Year,Renewal Options,6 Months,1-Year,12 Months","Unfurnished","51"
"","1","24-354689","12","LD","3119   Via Dolce  #310","Marina Del Rey","3","3.00 (2 0 1 0)","2,000","33,901","2010","$6,900","$6,900","1+Year","Unfurnished","68"
"","12","24-409189","12","LD","3119   Via Dolce  #311","Marina Del Rey","3","3.00 (2 0 1 0)","2,000","33,901","2010","$6,900","$6,900","1+Year","Unfurnished","92"
"","39","24-402887","12","LD","4428  S Riley Dr ","Los Angeles","3","4.00 (4 0 0 0)","1,799","1,726","","$6,950","$6,950","1+Year,Negotiable","Unfurnished","52"
"","34","24-372233","12","LD","12511   Rosy Cir ","Los Angeles","4","3.00 (3 0 0 0)","2,552","5,363","1972","$6,950","$6,950","1+Year","Unfurnished","166"
"","23","24-427769","12","LD","17   Ironsides St ","Marina Del Rey","2","1.00 (1 0 0 0)","978","3,149","1922","$6,950","$6,750","1+Year","Unfurnished","11"
"","1","25554601","12","LD","13229   Fiji Way #D","Marina Del Rey","3","3.00 (2 0 1 0)","1,932","87,656","1968","$6,950","$6,950","1+Year","Both","24"
"","14","25556601","12","LD","14   Mast St #4","Marina Del Rey","2","2.00 (2 0 0 0)","1,600","3,151","1973","$6,995","$7,000","1+Year","Both","7"
"","1","25523079","12","LD","13030   Mindanao Way #5","Marina Del Rey","2","3.00 (3 0 0 0)","1,646","130,721","1977","$6,995","$6,995","1+Year","Unfurnished","15"
"","30","24-455665","12","LD","14   Privateer St #1","Marina Del Rey","2","2.00 (2 0 0 0)","1,300","3,147","1969","$6,995","$6,995","1+Year,1-Year,12 Months,24 Months,Negotiable","Unfurnished","16"
"","36","24-394109","12","LD","13650   MARINA POINTE DR #807","MARINA DEL REY","2","2.00 (2 0 0 0)","1,795","31,647","2006","$6,995","$7,000","1-Year","Unfurnished","53"
"","26","24-397547","12","LD","6   Northstar St #301","Marina Del Rey","2","2.00 (2 0 0 0)","990","18,541","1969","$6,999","$6,999","1+Year,Negotiable","Unfurnished","33"
"","26","24-407809","12","LD","4316   Marina City Dr #333","Marina Del Rey","3","2.00 (2 0 0 0)","1,722","100,000","1972","$7,000","$7,000","Month-to-Month,Other,Negotiable,Short Term Lease,6 Months,1-Year,1+Year,Season","Furnished","39"
"","48","24-410981","12","LD","13650   Marina Pointe Dr #905","Marina Del Rey","2","2.00 (2 0 0 0)","1,714","31,647","2006","$7,000","$7,000","1+Year","Unfurnished","12"
"","38","24-383993","12","LD","4335   Marina City Dr  #1146","Marina Del Rey","3","2.00 (2 0 0 0)","1,722","60,000","","$7,000","$7,000","1+Year","Unfurnished","57"
"","32","24-368829","12","LD","13700   Marina Pointe Dr #1402","Marina Del Rey","2","3.00 (2 0 1 0)","1,630","124,705","2003","$7,000","$7,000","1+Year","Unfurnished","29"
"","1","24-458091","12","LD","4057   Beethoven St ","Los Angeles","3","3.00 (2 0 1 0)","1,200","4,956","1924","$7,000","$7,000","1+Year","Unfurnished","6"
"","61","24-470469","12","LD","3832   Via Dolce  ","Marina Del Rey","3","3.00 (2 0 1 0)","1,612","105,205","1978","$7,000","$7,400","1+Year","Both","34"
"","56","24-475269","12","LD","4267   Marina City Dr #102","Marina Del Rey","2","2.00 (1 1 0 0)","1,422","1,422","","$7,000","$7,000","6 Months","Furnished","25"
"","22","25-475517","12","LD","11929   Wagner St ","Culver City","2","1.00 (1 0 0 0)","1,270","6,251","1941","$7,000","$7,000","1+Year","Unfurnished","61"
"","22","24-438331","12","LD","11929   Wagner St ","Culver City","2","1.00 (1 0 0 0)","1,270","6,251","1941","$7,000","$7,000","Other,1+Year","Unfurnished","18"
"","38","24-454893","12","LD","24   Westwind St #F","Marina Del Rey","2","3.00 (2 0 1 0)","1,301","6,142","1973","$7,000","$7,000","1+Year","Unfurnished","20"
"","17","25532479","12","LD","4435   Alla Rd #2","Marina Del Rey","3","3.00 (3 0 0 0)","1,707","130,721","1977","$7,000","$7,000","1+Year","Unfurnished","7"
"","12","CV24065106MR","12","LD","12812  W Greene  ","LOS ANGELES","2","2.00 (2 0 0 0)","943","6,051","1948","$7,000","$7,000","","Unfurnished","141"
"","40","25-486073","12","LD","12626   Greene Ave ","Los Angeles","2","3.00 (2 0 1 0)","1,570","4,232","1949","$7,135","$7,135","1+Year","Unfurnished","13"
"","1","24-368239","12","LD","310   Washington Blvd #406","Marina Del Rey","3","3.00 (3 0 0 0)","1,960","8,806","2012","$7,200","$7,200","1+Year","Unfurnished","13"
"","61","24-358789","12","LD","3832   Via Dolce  ","Marina Del Rey","3","3.00 (2 0 1 0)","1,612","105,205","1978","$7,200","$7,000","1+Year","Both","68"
"","42","24-383161","12","LD","20   Ironsides St #12","Marina Del Rey","2","2.00 (1 0 1 0)","1,559","16,934","1978","$7,250","$7,250","1+Year,1-Year,Negotiable","Unfurnished","24"
"","28","24-377055","12","LD","13600   Marina Pointe Dr #1403","Marina Del Rey","2","3.00 (2 0 1 0)","1,855","122,916","1999","$7,250","$7,250","1+Year","Unfurnished","51"
"","41","24-443255","12","LD","4121   Tivoli Ave ","Los Angeles","3","3.00 (1 2 0 0)","1,625","5,001","1935","$7,250","$7,250","1+Year","Unfurnished","14"
"","49","SR25034643MR","12","LD","13220   Admiral AVE #J","MARINA DEL REY","3","2.00 (2 0 0 0)","1,932","85,924","1967","$7,250","$7,250","1-Year,Negotiable,Other","","21"
"","36","82014788ML","12","LD","12553   Woodgreen ST ","Los Angeles","3","3.00 (3 0 0 0)","1,668","6,424","1941","$7,275","$7,275","Deposit Required","","2"
"","49","24-448721","12","LD","13600   Marina Pointe Dr #702","Marina Del Rey","2","3.00 (2 0 1 0)","1,885","122,529","1999","$7,295","$7,000","1+Year","Both","60"
"","37","SB24075016MR","12","LD","13600   Marina Pointe Dr ","MARINA DEL REY","2","3.00 (2 0 1 0)","1,900","122,529","1999","$7,350","$7,350","1-Year,Negotiable,Other","Furnished","16"
"","37","SB25145761MR","12","LD","13600   Marina Pointe Dr #1205","MARINA DEL REY","2","3.00 (2 0 1 0)","1,900","122,529","1999","$7,350","$7,100","1-Year,Negotiable,Other","Furnished","43"
"","36","25526807","12","LD","12913   Gilmore Ave ","Los Angeles","3","4.00 (3 0 1 0)","1,750","3,436","1963","$7,370","$7,370","1+Year,12 Months","Unfurnished","7"
"","19","24-426735","12","LD","22   Union Jack St #2","Marina Del Rey","3","3.00 (3 0 0 0)","1,890","3,150","1966","$7,395","$7,395","1+Year,1-Year,12 Months,24 Months,Negotiable,Other","Unfurnished","52"
"","38","24-463767","12","LD","13650   Marina Pointe Dr #903","Marina Del Rey","2","3.00 (2 0 1 0)","1,780","31,659","2006","$7,400","$7,300","1+Year","Unfurnished","49"
"","1","24-418687","12","LD","13700   Marina Pointe Dr #704","Marina Del Rey","2","2.00 (2 0 0 0)","1,240","124,705","2003","$7,495","$7,300","1+Year","Unfurnished","85"
"","33","24-419353","12","LD","13600   Marina Pointe Dr #1515","Marina Del Rey","2","3.00 (3 0 0 0)","2,295","122,880","1999","$7,500","$7,500","1+Year,Negotiable,Other,6 Months,24 Months,12 Months","Furnished","69"
"","26","24-402713","12","LD","6   Northstar St #206","Marina Del Rey","2","2.00 (2 0 0 0)","961","18,541","1969","$7,500","$7,000","1+Year,1-Year,12 Months,24 Months,Negotiable,Other","Both","64"
"","32","24-394489","12","LD","3121  W Stanford Ave ","Marina Del Rey","4","3.00 (3 0 0 0)","2,200","4,016","1951","$7,500","$7,000","1+Year,Negotiable","Unfurnished","52"
"","39","24-377372","12","LD","13700   MARINA POINTE DR #1602","MARINA DEL REY","2","3.00 (2 0 1 0)","1,630","124,622","2003","$7,500","$7,500","1+Year","Unfurnished","60"
"","33","23-324037","12","LD","13600   Marina Pointe Dr #1515","Marina Del Rey","2","3.00 (3 0 0 0)","2,295","122,880","1999","$7,500","$7,500","1+Year,Negotiable,Other,6 Months,24 Months,12 Months","Furnished","214"
"","18","24-342771","12","LD","3111   VIA DOLCE  #502","MARINA DEL REY","2","3.00 (2 0 1 0)","1,550","27,349","2010","$7,500","$7,500","1-Year","Furnished","134"
"","49","24-439633","12","LD","3111   Via Dolce  #404","Marina Del Rey","2","3.00 (2 0 1 0)","1,830","27,345","2010","$7,500","$7,500","1+Year,6 Months,Negotiable,Short Term Lease,1-Year,12 Months","Furnished","193"
"","22","25534267","12","LD","3305   Ocean Front Walk #1","Marina Del Rey","2","2.00 (2 0 0 0)","1,200","2,520","1960","$7,500","$7,500","1+Year,Negotiable,Season,1-Year","Both","11"
"","32","25549865","12","LD","13650   Marina Pointe Dr #1409","Marina Del Rey","2","3.00 (2 0 1 0)","1,735","31,647","2006","$7,500","$7,500","1+Year","Unfurnished","8"
"","54","25-489423","12","LD","12580   Rosy Cir ","Los Angeles","4","3.00 (2 0 1 0)","2,096","5,162","1972","$7,500","$8,250","1-Year,1+Year","Unfurnished","11"
"","1","25516207","12","LD","13700   Marina Pointe Dr #925","Marina Del Rey","2","3.00 (2 0 1 0)","1,431","124,705","2003","$7,500","$7,500","1+Year","Unfurnished","0"
"","36","82011595ML","12","LD","12553   Woodgreen ST ","Los Angeles","3","3.00 (3 0 0 0)","1,668","6,424","1941","$7,500","$8,000","Deposit Required","","8"
"","18","25556467","12","LD","3809   Esplanade  ","Los Angeles","3","3.00 (3 0 0 0)","","3,800","","$7,500","$7,500","Negotiable","Furnished","7"
"","28","25549295","12","LD","13600   MARINA POINTE DR #1703","MARINA DEL REY","2","3.00 (2 0 1 0)","1,855","122,916","1999","$7,600","$7,500","1+Year","Unfurnished","8"
"","19","24-449097","12","LD","310   Washington Blvd #503","Marina Del Rey","2","3.00 (3 0 0 0)","1,950","9,915","2012","$7,700","$7,700","1+Year","Both","7"
"","37","24-469097","12","LD","4609   Alla Rd #3","Marina Del Rey","2","3.00 (2 0 1 0)","1,912","196,139","1977","$7,700","$7,700","1+Year,1-Year,Negotiable","Both","40"
"","16","TR24111114MR","12","LD","27   Buccaneer ST ","VENICE","3","3.00 (3 0 0 0)","1,850","3,081","1956","$7,750","$7,750","","Unfurnished","39"
"","25","24-453153","12","LD","130   Fleet St ","Marina Del Rey","3","4.00 (3 0 1 0)","2,200","2,704","1999","$7,795","$7,795","1+Year","Unfurnished","34"
"","1","25508513","12","LD","310   Washington Blvd #406","Marina Del Rey","3","3.00 (3 0 0 0)","1,960","8,806","2012","$7,900","$7,900","1+Year","Unfurnished","9"
"","20","CV25007688MR","12","LD","4335   Marina City Drive ","MARINA DEL REY","1","1.00 (1 0 0 0)","935","","1970","$7,950","$7,950","Month-to-Month","Furnished","2"
"","18","24-450889","12","LD","1   Northstar St #103","Marina Del Rey","2","2.00 (2 0 0 0)","1,140","11,096","1973","$7,950","$8,633","Negotiable,Month-to-Month,1+Year,1-Year,Season","Furnished","95"
"","40","25-478635","12","LD","13700   MARINA POINTE DR #1423","MARINA DEL REY","2","2.00 (2 0 0 0)","1,724","124,611","2003","$7,995","$8,000","1+Year","Unfurnished","7"
"","1","24-390491","12","LD","4337   Marina City Dr #PH42","Marina Del Rey","3","3.00 (2 0 1 0)","2,652","0","","$7,999","$8,250","1+Year","Unfurnished","10"
"","18","24-387137","12","LD","13082   MINDANAO WAY #18","MARINA DEL REY","3","3.00 (2 0 1 0)","2,217","538,720","1980","$8,000","$7,750","1-Year","Unfurnished","9"
"","66","24-400609","12","LD","4335   Marina City Drive  #PH35","Marina Del Rey","2","3.00 (1 1 1 0)","","2,850","","$8,000","$7,000","1+Year","Unfurnished","68"
"","36","24-413021","12","LD","21   Union Jack St ##4","Marina Del Rey","3","3.00 (2 0 1 0)","1,850","3,150","1969","$8,000","$8,000","1+Year,12 Months","Furnished","45"
"","46","23-327119","12","LD","13700   Marina Pointe Dr #429","Marina Del Rey","3","4.00 (3 0 1 0)","2,100","124,662","2003","$8,000","$8,000","1+Year","Furnished","170"
"","41","24-383079","12","LD","13356   Beach Ave ","Marina Del Rey","3","2.00 (2 0 0 0)","1,675","4,606","2023","$8,000","$8,500","1+Year,1-Year,6 Months,Month-to-Month,Season,Short Term Lease,Weekly,Negotiable","Both","52"
"","36","24-378439","12","LD","13600   Marina Pointe Dr #705","Marina Del Rey","2","3.00 (2 0 1 0)","1,900","122,529","1999","$8,000","$8,000","1+Year","Unfurnished","44"
"","42","TR25104246MR","12","LD","310   Washington BLVD #304","MARINA DEL REY","3","3.00 (3 0 0 0)","1,960","8,723","2012","$8,000","$8,000","1-Year","Unfurnished","24"
"","35","PW25124748MR","12","LD","12427   Milton ST ","LOS ANGELES","3","3.00 (3 0 0 0)","2,625","21,600","1942","$8,000","$8,000","1+Year,1-Year,Negotiable","Unfurnished","31"
"","1","25508925","12","LD","13036   Mindanao Way #4","Marina Del Rey","2","3.00 (3 0 0 0)","1,912","130,721","1977","$8,000","$8,000","1+Year","Both","9"
"","1","SR25032242MR","12","LD","13600   Marina Pointe Dr #512","MARINA DEL REY","2","3.00 (2 0 1 0)","1,835","122,916","1999","$8,085","$8,085","1-Year","Unfurnished","6"
"","22","25496263","12","LD","2   KETCH ST #102","MARINA DEL REY","2","2.00 (2 0 0 0)","979","18,823","1971","$8,250","$8,250","1+Year","Both","2"
"","61","SR24097174MR","12","LD","13082   Mindanao WAY #1","MARINA DEL REY","2","3.00 (3 0 0 0)","2,217","538,904","1980","$8,300","$8,200","1-Year","Unfurnished","4"
"","56","SR25050549MR","12","LD","13107   Mindanao WAY #3","MARINA DEL REY","3","3.00 (2 0 1 0)","1,585","552,201","1974","$8,400","$15,000","1-Year,Negotiable,Other","Furnished","39"
"","40","25-486465","12","LD","17   Hurricane St #2","Marina Del Rey","3","2.00 (2 0 0 0)","1,500","3,153","1911","$8,470","$8,470","1+Year,1-Year","Furnished","16"
"","27","24-393457","12","LD","11   VOYAGE ST ","VENICE","3","3.00 (3 0 0 0)","1,800","3,151","1986","$8,495","$8,495","1+Year","Both","79"
"","25","24-383153","12","LD","12831   Admiral Ave ","Los Angeles","4","4.00 (3 1 0 0)","2,700","5,631","1951","$8,500","$8,200","1+Year","Unfurnished","201"
"","30","25-478397","12","LD","3111   Via Dolce  #402","Marina Del Rey","2","3.00 (2 0 1 0)","1,550","27,336","2010","$8,500","$8,250","1+Year,1-Year,Negotiable","Unfurnished","9"
"","45","24-465527","12","LD","13650   MARINA POINTE DR #1507","MARINA DEL REY","2","2.00 (2 0 0 0)","1,901","31,650","2006","$8,500","$8,500","Negotiable","Furnished","28"
"","23","24-433025","12","LD","13700   Marina Pointe Dr #1916","Marina Del Rey","2","3.00 (3 0 0 0)","1,770","124,705","2003","$8,500","$8,000","1+Year","Unfurnished","28"
"","5","25499207","12","LD","7   Fleet St #101","Marina Del Rey","2","2.00 (2 0 0 0)","950","11,089","1968","$8,500","$9,000","1+Year","Furnished","21"
"","45","25497263","12","LD","13650   MARINA POINTE DR #1507","MARINA DEL REY","2","2.00 (2 0 0 0)","1,901","31,650","2006","$8,500","$8,700","Negotiable","Furnished","7"
"","39","25548807","12","LD","115   Galleon St #A","Marina Del Rey","3","3.00 (3 0 0 0)","2,000","2,706","1988","$8,500","$8,500","1+Year","Unfurnished","15"
"","75","25-489903","12","LD","13700   Marina Pointe Dr #1203","Marina Del Rey","2","3.00 (2 0 1 0)","1,481","124,670","2003","$8,750","$8,750","1+Year","Furnished","2"
"","22","24-380877","12","LD","2   Ketch St #107","Marina Del Rey","2","2.00 (2 0 0 0)","1,002","18,828","1971","$8,750","$8,500","1+Year,Negotiable,1-Year","Unfurnished","29"
"","23","24-359153","12","LD","3111   Via Dolce  #602","Marina Del Rey","2","3.00 (2 0 1 0)","1,550","27,336","2010","$8,755","$8,000","1+Year","Furnished","208"
"","61","25526013","12","LD","13700   Marina Pointe Dr #1715","Marina Del Rey","2","3.00 (2 0 1 0)","1,952","124,670","2003","$8,800","$8,800","1+Year","Both","18"
"","37","LG24045530MR","12","LD","13080   Mindanao WAY #85","MARINA DEL REY","3","3.00 (2 0 1 0)","2,217","538,756","1980","$8,800","$8,600","1-Year","Unfurnished","41"
"","41","OC24050059MR","12","LD","905   Dickson Street ","MARINA DEL REY","4","4.00 (3 0 1 0)","2,450","3,004","1989","$8,800","$9,000","1-Year","Unfurnished","92"
"","17","24-375358","12","LD","5209   Ocean Front Walk #202","Marina Del Rey","2","3.00 (0 2 1 0)","2,315","9,272","1976","$8,900","$8,300","1+Year","Unfurnished","94"
"","25","25537905","12","LD","15   Quarterdeck St ","Marina Del Rey","2","2.00 (2 0 0 0)","1,076","3,150","1924","$8,950","$8,950","1+Year,12 Months,1-Year","Unfurnished","24"
"","1","25526533","12","LD","13600   MARINA POINTE DR #1709","MARINA DEL REY","2","3.00 (2 0 1 0)","2,075","122,880","1999","$8,995","$8,625","1+Year","Unfurnished","105"
"","45","24-368823","12","LD","36   ANCHORAGE ST #Penthouse","MARINA DEL REY","3","4.00 (3 0 1 0)","2,000","3,820","1986","$8,995","$8,700","1+Year","Unfurnished","20"
"","71","24-442195","12","LD","18   Union Jack St #302","Marina Del Rey","2","3.00 (3 0 0 0)","1,950","6,075","1974","$8,995","$9,500","1+Year,1-Year,Month-to-Month,Negotiable,Season,Other","Furnished","103"
"","25","24-398693","12","LD","310   Washington Blvd #201","Marina Del Rey","3","3.00 (3 0 0 0)","2,090","16,300","2012","$9,000","$9,000","12 Months,1+Year","Furnished","202"
"","38","25526109","12","LD","29   Lighthouse St #2","Venice","3","2.00 (2 0 0 0)","1,935","3,859","1987","$9,000","$9,000","1+Year","Unfurnished","3"
"","23","25537987","12","LD","746   Howard St ","Marina Del Rey","3","3.00 (2 0 1 0)","2,100","3,000","1966","$9,000","$9,000","1+Year","Unfurnished","10"
"","41","25-480397","12","LD","13600   Marina Pointe Dr #901","Marina Del Rey","2","3.00 (2 0 1 0)","1,945","122,529","1999","$9,500","$9,500","1+Year","Furnished","2"
"","35","25-490331","12","LD","952   PRINCETON DR ","VENICE","4","3.00 (1 2 0 0)","1,868","5,266","1967","$9,500","$9,500","1+Year,Negotiable","Both","11"
"","23","25568221","12","LD","13082   Mindanao Way #11","Marina Del Rey","3","4.00 (4 0 0 0)","2,370","538,904","1980","$9,500","$9,500","1+Year,Negotiable","Unfurnished","20"
"","46","24-370409","12","LD","29   Yawl St #A","Marina Del Rey","2","2.00 (1 1 0 0)","1,650","2,400","1969","$9,500","$9,500","1+Year","Unfurnished","91"
"","42","24-440389","12","LD","13700   Marina Pointe Dr #1801","Marina Del Rey","2","3.00 (2 0 1 0)","1,879","124,670","2003","$9,500","$9,000","1+Year","Unfurnished","108"
"","27","24-473357","12","LD","12859   Greene Ave ","Los Angeles","4","2.00 (2 0 0 0)","1,788","5,733","1948","$9,500","$9,000","1+Year","Unfurnished","19"
"","25","SB24111250MR","12","LD","929   Dickson ST ","MARINA DEL REY","4","3.00 (3 0 0 0)","2,698","5,343","1920","$9,800","$9,800","1-Year","Unfurnished","10"
"","23","25-480563","12","LD","3215   Ocean Front Walk #101","Marina Del Rey","3","3.00 (3 0 0 0)","1,489","2,520","1968","$9,900","$9,900","12 Months","Furnished","8"
"","40","24-385965","12","LD","3109   Carter Ave ","Marina Del Rey","5","3.00 (3 0 0 0)","2,474","4,335","1950","$9,900","$9,900","1+Year","Both","68"
"","16","23-330059","12","LD","3028   Stanford Ave ","Marina Del Rey","3","3.00 (3 0 0 0)","1,874","4,017","1926","$10,000","$9,000","Short Term Lease,6 Months,Month-to-Month","Furnished","272"
"","22","24-394953","12","LD","12701   Admiral Ave ","Los Angeles","4","3.00 (3 0 0 0)","2,088","5,002","1950","$10,000","$10,000","Short Term Lease,Other","Furnished","56"
"","37","25-480275","12","LD","4   Jib St #2","Marina Del Rey","2","3.00 (2 0 1 0)","2,061","18,540","1973","$10,000","$10,000","1+Year,1-Year","Unfurnished","4"
"","20","24-473951","12","LD","18   Union Jack St #301","Marina Del Rey","2","3.00 (3 0 0 0)","1,958","6,077","1974","$10,000","$10,000","1+Year,Month-to-Month,Negotiable,Season,Other","Both","24"
"","33","SR24104277MR","12","LD","1   Northstar ST #104","MARINA DEL REY","2","3.00 (2 0 1 0)","1,724","11,093","1973","$10,000","$9,000","","Furnished","62"
"","33","25496265","12","LD","5113   Ocean Front Walk ","Marina Del Rey","2","3.00 (2 0 1 0)","0","5,039","1992","$10,000","$10,000","12 Months","Unfurnished","2"
"","16","25-489293","12","LD","3028   Stanford Ave ","Marina Del Rey","3","3.00 (3 0 0 0)","1,874","4,017","1926","$10,000","$10,000","Short Term Lease,6 Months,Month-to-Month","Furnished","89"
"","22","25545515","12","LD","12701   Admiral Ave ","Los Angeles","4","3.00 (3 0 0 0)","2,088","5,002","1950","$10,000","$10,000","Short Term Lease,Other","Both","20"
"","32","25540151","12","LD","12544   Presnell St ","Los Angeles","4","3.00 (2 0 1 0)","2,110","5,147","1968","$10,500","$10,500","1-Year,Negotiable","Both","10"
"","23","24-457908","12","LD","1   Driftwood St #3","Marina Del Rey","2","3.00 (2 0 1 0)","1,509","5,103","1972","$10,500","$11,500","1+Year","Furnished","13"
"","65","25-477485","12","LD","13600   MARINA POINTE DR #PH 1911","MARINA DEL REY","2","3.00 (3 0 0 0)","1,980","122,916","1999","$10,700","$11,330","1+Year","Unfurnished","6"
"","31","25558707","12","LD","929   Dickson St ","Marina Del Rey","4","3.00 (3 0 0 0)","2,698","5,343","1920","$10,750","$10,750","1-Year","Unfurnished","5"
"","30","24-465267","12","LD","4   Jib St #3","Marina Del Rey","2","3.00 (3 0 0 0)","1,900","18,540","1971","$10,995","$10,995","1+Year,1-Year,6 Months,Negotiable,12 Months","Both","55"
"","25","24-421007","12","LD","29   Lighthouse St #3PH","Venice","4","3.00 (3 0 0 0)","2,628","3,859","1987","$10,995","$10,995","1+Year","Unfurnished","8"
"","61","SR24222004MR","12","LD","1020   Harbor Crossing LN ","MARINA DEL REY","4","5.00 (4 0 1 0)","3,354","9,483","2000","$11,000","$14,000","","Unfurnished","81"
"","25","25499835","12","LD","120 1/2  Galleon St ","Marina Del Rey","3","3.00 (3 0 0 0)","2,300","2,631","1999","$11,250","$11,250","1+Year,12 Months,Negotiable,6 Months","Furnished","3"
"","60","24-421521","12","LD","115   Roma Ct ","Marina Del Rey","3","3.00 (2 0 1 0)","2,897","3,329","1986","$11,450","$11,450","1+Year,Negotiable","Unfurnished","2"
"","51","24-443545","12","LD","15   Voyage St ","Marina Del Rey","3","4.00 (4 0 0 0)","0","3,151","1986","$11,500","$11,500","1+Year","Unfurnished","115"
"","1","25532219","12","LD","3012   Yale Ave ","Marina Del Rey","3","4.00 (4 0 0 0)","2,268","4,017","1946","$12,000","$11,620","1+Year,24 Months","Both","64"
"","23","25-483927","12","LD","925   Dickson St ","Marina Del Rey","3","3.00 (3 0 0 0)","2,136","4,809","1952","$12,500","$11,500","1+Year,6 Months,Short Term Lease,Renewal Options,12 Months,1-Year","Furnished","39"
"","75","23-320839","12","LD","4335   Marina City  #PH 33","Marina Del Rey","3","3.00 (1 1 0 1)","2,850","2,860","","$12,500","$12,500","Negotiable","Furnished","75"
"","12","24-386117","12","LD","5205   Ocean Front Walk #203","Venice","3","4.00 (3 0 1 0)","2,802","9,269","1976","$12,500","$12,500","1+Year","Unfurnished","45"
"","35","24-448097","12","LD","3412   Ocean Front Walk #201","Marina Del Rey","3","3.00 (3 0 0 0)","2,010","6,019","1971","$12,900","$16,500","1+Year,1-Year,12 Months,24 Months,Month-to-Month,Negotiable,Renewal Options","Unfurnished","101"
"","26","24-383513","12","LD","1   Driftwood St #6","Marina Del Rey","4","4.00 (3 0 1 0)","1,663","5,103","1972","$12,999","$12,800","1+Year","Unfurnished","33"
"","23","24-374181","12","LD","5209   Ocean Front Walk #302","Venice","2","3.00 (3 0 0 0)","2,753","9,272","1976","$13,500","$13,000","1+Year","Unfurnished","75"
"","18","24-383573","12","LD","3021   Stanford Ave ","Marina Del Rey","4","5.00 (4 0 1 0)","4,000","4,016","2023","$13,900","$13,500","1-Year","Both","461"
"","18","25-478359","12","LD","29   Yawl St #B","Marina Del Rey","3","3.00 (2 0 0 1)","2,928","2,400","1969","$14,000","$15,000","1+Year","Unfurnished","6"
"","1","24-440349","12","LD","16   Voyage St ","Marina Del Rey","3","4.00 (3 0 1 0)","3,209","6,127","1988","$14,500","$14,500","1+Year","Unfurnished","107"
"","30","25562623","12","LD","138   Channel Pointe Mall ","MARINA DEL REY","3","5.00 (5 0 0 0)","3,520","3,149","2000","$14,500","$14,500","1+Year,Negotiable,12 Months","Unfurnished","28"
"","42","24-470057","12","LD","4   Jib St #5","Marina Del Rey","3","3.00 (3 0 0 0)","1,888","18,540","1971","$15,000","$16,250","6 Months,Other,Negotiable","Furnished","28"
"","19","24-460119","12","LD","1   Driftwood St #5","Marina Del Rey","4","4.00 (3 0 1 0)","2,433","5,103","1972","$15,000","$15,000","1+Year,1-Year","Both","30"
"","1","25565421","12","LD","1   Northstar St #101","Marina Del Rey","2","3.00 (2 0 1 0)","1,617","11,096","1973","$15,500","$13,500","1+Year,24 Months","Unfurnished","24"
"","28","24-464813","12","LD","130   Channel Pointe Mall ","Marina Del Rey","4","5.00 (5 0 0 0)","3,520","3,150","2000","$15,750","$15,750","1+Year,1-Year,12 Months","Both","51"
"","74","24-378911","12","LD","121   Reef Mall ","Marina Del Rey","4","6.00 (5 0 1 0)","4,748","3,162","1998","$15,900","$16,500","1+Year,1-Year,Negotiable,6 Months,Season,Short Term Lease,Month-to-Month,Weekly","Both","3"
"","60","24-368161","12","LD","3201   Viola Pl ","Marina Del Rey","5","6.00 (6 0 0 0)","4,172","6,685","1967","$16,000","$16,000","1+Year,Negotiable,Short Term Lease","Unfurnished","38"
"","1","SR24242166MR","12","LD","5206   Pacific Ave ","MARINA DEL REY","3","4.00 (3 0 1 0)","4,236","159,386,040","1991","$16,000","$16,000","","","1"
"","75","SR24002312MR","12","LD","143   Union Jack MALL ","MARINA DEL REY","5","7.00 (5 0 2 0)","6,452","3,793","1999","$16,500","$16,500","","Unfurnished","160"
"","47","24-348761","12","LD","4616   Roma Ct ","Marina Del Rey","4","5.00 (5 0 0 0)","4,100","2,822","1983","$16,500","$16,500","Negotiable,1+Year,6 Months,Month-to-Month,Short Term Lease","Furnished","78"
"","29","24-392897","12","LD","5317   Pacific Ave ","Marina Del Rey","3","4.00 (4 0 0 0)","2,488","2,499","1979","$16,500","$15,500","Short Term Lease,Season,Month-to-Month","Both","42"
"","46","24-373227","12","LD","129   Channel Pointe Mall ","Marina Del Rey","4","7.00 (6 1 0 0)","4,778","3,162","2001","$16,750","$16,500","1-Year","Both","57"
"","51","25496953","12","LD","928   Harbor Crossing Ln ","Marina Del Rey","3","3.00 (2 0 1 0)","3,585","8,636","2000","$17,000","$17,000","1+Year","Furnished","6"
"","75","25-482625","12","LD","4314   Marina City Dr #PH 20","Marina Del Rey","2","3.00 (2 0 0 1)","2,850","2,850","","$17,500","$19,250","1-Year","Furnished","3"
"","71","24-344131","12","LD","126   Westwind Mall ","Marina Del Rey","4","6.00 (5 1 0 0)","4,740","3,147","1997","$18,000","$20,000","1+Year,Negotiable","Furnished","96"
"","39","23-247705","12","LD","17   Privateer St ","Marina Del Rey","4","5.00 (4 0 1 0)","3,248","4,500","","$18,000","$18,000","Other","Furnished","407"
"","71","25-478451","12","LD","126   Westwind Mall ","Marina Del Rey","4","6.00 (5 1 0 0)","4,740","3,147","1997","$18,000","$19,000","1+Year,Negotiable,6 Months,12 Months,1-Year,Month-to-Month,Other,Renewal Options,Season,Short Term Lease,Weekly","Furnished","2"
"","74","24-428253","12","LD","121   Reef Mall ","Marina Del Rey","4","6.00 (5 0 1 0)","4,748","3,162","1998","$18,000","$20,000","1+Year,1-Year,Negotiable,6 Months,Season,Short Term Lease,Month-to-Month,Weekly","Furnished","131"
"","62","24-426459","12","LD","115   Union Jack Mall ","Marina Del Rey","5","6.00 (5 0 1 0)","5,204","4,403","1990","$18,900","$17,500","Negotiable,Month-to-Month,Short Term Lease,Season,Weekly,12 Months,24 Months,6 Months,1+Year,1-Year,Other","Furnished","40"
"","1","24-423041","12","LD","5418   Pacific Ave ","Marina Del Rey","4","5.00 (3 0 2 0)","4,490","7,666","2002","$19,995","$22,000","1-Year,Other,Negotiable,1+Year,6 Months,Short Term Lease","Unfurnished","155"
"","43","24-418891","12","LD","4611   Roma Ct ","Marina Del Rey","4","4.00 (4 0 0 0)","4,555","4,315","1988","$20,000","$21,000","1+Year","Both","110"
"","29","25510831","12","LD","4715   Via Dolce  ","Marina Del Rey","4","3.00 (3 0 0 0)","3,000","2,843","1981","$20,000","$20,000","12 Months,1+Year,6 Months","Furnished","47"
"","33","25497527","12","LD","146   Voyage Mall ","Marina Del Rey","5","6.00 (5 0 1 0)","5,284","3,151","2010","$22,500","$20,000","1+Year","Furnished","48"
"","50","25-480857","12","LD","4411   Roma Ct ","Marina Del Rey","4","5.00 (4 0 1 0)","3,711","4,508","1985","$23,575","$26,950","1+Year,1-Year,12 Months,6 Months","Furnished","3"
"","39","25-482041","12","LD","1   Eastwind St #302","Marina Del Rey","3","4.00 (4 0 0 0)","2,012","7,445","1974","$26,900","$26,900","Month-to-Month,Short Term Lease,Season","Furnished","59"
"","1","24-472025","12","LD","5106   Pacific Ave ","Marina Del Rey","5","6.00 (5 0 1 0)","4,817","3,647","2003","$27,500","$30,000","1+Year,1-Year","Unfurnished","33"
"","35","25514011","12","LD","5115   Via Donte  ","Marina Del Rey","8","10.00 (10 0 0 0)","8,429","4,555","2017","$29,500","$29,500","1+Year,1-Year,Month-to-Month,Negotiable,Other,Season,Weekly","Furnished","7"
"","34","25-484281","12","LD","3711   Ocean Front Walk #2","Marina Del Rey","2","3.00 (2 0 1 0)","2,368","3,642","1970","$30,000","$30,000","Negotiable","Furnished","1"
"","46","25493085","12","LD","129   Outrigger Mall ","Marina Del Rey","4","5.00 (4 0 1 0)","3,892","3,178","1985","$30,000","$30,000","Other","Furnished","38"
"","35","25505913","12","LD","3159   Thatcher Ave ","Marina Del Rey","6","4.00 (4 0 0 0)","3,778","4,712","1951","$38,000","$35,000","1+Year","Furnished","17"
